id,domain,status,purchase_price,renewal_price,attractiveness,demand,length,registrar,created_at,expires_at,status_verified_at
c0ffb4fd-fc2c-4b71-9b63-abbfc34fd6f2,juanita.country,available,2060.25,2060.25,medium,low,7,porkbun,,,30/09/2026 04:54
53a94457-3e6d-4728-8840-6e6ee215deba,wroth.country,available,2298,2450,medium,low,5,namecheap,,,13/09/2026 13:38
7fe78610-92c2-4afb-8825-552a9b857866,enclosed.country,available,2298,2450,high,low,8,namecheap,,,16/08/2026 22:21
7722860a-fbca-4aad-84b8-ca163759ce14,bitchy.country,available,2298,2450,medium,low,6,namecheap,,,10/08/2026 07:17
adab2e86-b826-401f-81a3-4c7fab117efd,snooty.country,available,2298,2450,medium,low,6,namecheap,,,09/08/2026 20:39
4057c279-367c-425d-b1fb-a11074a828ba,manure.country,available,2140.22,2140.22,high,low,6,dynadot,,,30/09/2026 10:32
26e8d196-90a0-4e1c-ab70-74b4141af8ba,foxes.country,available,2064.2,2064.2,medium,low,5,spaceship,,,30/09/2026 14:38
080521ff-810e-4897-bf9e-79befdb27e90,resinous.country,available,2298,2450,medium,low,8,namecheap,,,09/09/2026 15:13
7215b746-a653-45e2-a8e3-59bbabaac43b,nutritive.country,available,2298,2450,high,low,9,namecheap,,,08/09/2026 09:04
4039a84c-20c7-4c03-8964-24e29301228e,billing.country,available,2060.25,2060.25,high,low,7,porkbun,,,30/09/2026 16:32
eb1ef3a7-ae6f-48f2-bd5c-0070469375e4,lifts.country,available,2298,2450,medium,low,5,namecheap,,,29/09/2026 05:05
68202758-23ea-48d1-9ca9-3060583fc4e2,cleaver.country,available,2060.25,2060.25,medium,low,7,porkbun,,,29/09/2026 09:55
215826c7-4941-44a2-aa3b-0e907f8411de,dwarf.country,available,2298,2450,medium,low,5,namecheap,,,24/08/2026 22:31
c68efa11-f47f-4f45-9b88-1b8faee4d14d,relinquish.country,available,2064.2,2064.2,high,low,10,spaceship,,,01/10/2026 21:29
c453730e-35f5-4c3f-ad64-3c39f161b2b3,anwar.country,available,2064.2,2064.2,medium,low,5,spaceship,,,29/09/2026 09:45
550830ab-302c-49fe-a540-51c154ef068c,minerva.country,available,2140.22,2140.22,high,medium,7,dynadot,,,30/09/2026 18:03
e7490919-5c85-4acf-8ece-6f7ca36c22b4,ris.country,available,2298,2450,high,low,3,namecheap,,,02/10/2026 19:00
41aa3187-e1c3-44af-8e78-8986d19353e8,blithe.country,available,2298,2450,high,low,6,namecheap,,,10/08/2026 14:37
d3d81834-99a8-498b-bc77-c58b34c9c9f7,refunds.country,available,2298,2450,medium,low,7,namecheap,,,20/09/2026 14:13
585d9933-bb81-43d2-a248-98ea3caa2607,caesarean.country,available,2298,2450,medium,low,9,namecheap,,,11/08/2026 13:05
79a30274-ebac-4550-9879-8fad19d40a26,esteem.country,available,2298,2450,high,low,6,namecheap,,,28/09/2026 18:46
869205d7-f8da-4a89-87e2-3691635ea547,sparked.country,available,2064.2,2064.2,high,low,7,spaceship,,,30/09/2026 04:13
925e62da-496c-4720-83da-9cf18cc33f91,fiddle.country,available,2064.2,2064.2,high,low,6,spaceship,,,29/09/2026 00:55
9963fe89-6b5c-4865-92aa-757319e21898,blackish.country,available,2298,2450,medium,low,8,namecheap,,,10/08/2026 12:03
d3c52884-00df-4afb-b407-1450027cbc9b,torch.country,available,2064.2,2064.2,high,low,5,spaceship,,,28/09/2026 16:58
7e328a17-13e5-40b0-8327-17c9de15310d,dappled.country,available,2499.99,3799.99,medium,low,7,name.com,,,13/08/2026 17:39
461325f6-98c7-45c6-aa20-b56632cb2125,backless.country,available,2298,2450,medium,low,8,namecheap,,,08/08/2026 05:48
e0b6b12a-f529-41bb-bcd3-b913708f8108,mitigated.country,available,2298,2450,medium,low,9,namecheap,,,25/08/2026 02:06
da91a594-b51a-4102-ac06-9832e297d92e,refinery.country,available,2064.2,2064.2,high,low,8,spaceship,,,30/09/2026 02:41
320cad22-e614-4332-8e27-15b141cf2c5a,publicly.country,available,2064.2,2064.2,medium,low,8,spaceship,,,28/09/2026 15:37
4ddf3b33-7b1d-4662-aef8-58b00cd9a8b4,puppet.country,available,2060.25,2060.25,high,low,6,porkbun,,,28/09/2026 02:20
7a12c576-4036-44b6-b969-d988fa92d969,targets.country,available,2298,2450,medium,low,7,namecheap,,,18/09/2026 15:18
acf5c509-385e-48d8-a86c-0425619be683,cometic.country,available,2298,2450,medium,low,7,namecheap,,,12/08/2026 18:58
c3493be8-9429-49cf-a964-ac22e0144d1c,volatile.country,available,2298,2450,high,low,8,namecheap,,,24/09/2026 17:42
dda46679-1d51-4cc3-adaf-bda692329004,gyrate.country,available,2298,2450,medium,low,6,namecheap,,,10/09/2026 15:51
1e0f278f-3488-4495-b22d-8de9aa889d76,television.country,available,2064.2,2064.2,high,low,10,spaceship,,,01/10/2026 08:09
511a47ef-af01-4837-b3b1-72a3f1023c3f,soothes.country,available,2298,2450,medium,low,7,namecheap,,,20/09/2026 05:20
7ee4fe72-fe47-49e7-aeb0-7afbf6cf3efd,recorded.country,available,2298,2450,high,low,8,namecheap,,,27/09/2026 10:58
c5975c98-2916-417a-851f-49c7f01a30e3,terri.country,available,2298,2450,medium,low,5,namecheap,,,29/09/2026 09:23
f867d262-0122-44e3-9c96-baaf8440a9bd,engels.country,available,2060.25,2060.25,medium,low,6,porkbun,,,28/09/2026 14:01
0706ea7e-23f8-4619-b275-f9a4a4067615,appealed.country,available,2064.2,2064.2,medium,low,8,spaceship,,,30/09/2026 07:01
739d3f83-0936-4d73-be9f-9598e186581d,barbarians.country,available,2060.25,2060.25,medium,low,10,porkbun,,,01/10/2026 00:21
bd7cfeda-f296-43ab-b934-3c84cc596e89,criticize.country,available,2140.22,2140.22,high,low,9,dynadot,,,30/09/2026 18:07
3153a543-2a91-4ad5-8128-191405aca35b,pontiac.country,available,2060.25,2060.25,high,low,7,porkbun,,,01/10/2026 03:20
ac820acc-75ff-4637-b1d6-a2fe421bddd8,wreckage.country,available,2064.2,2064.2,medium,low,8,spaceship,,,29/09/2026 08:20
da732e43-6315-4942-a5a1-95da53af547d,abasic.country,available,2298,2450,medium,low,6,namecheap,,,
1a898567-919f-49ad-a065-6ca55e401b8f,investigative.country,available,2064.2,2064.2,medium,low,13,spaceship,,,29/09/2026 08:53
39a21fda-793b-4e26-a969-c83a3b7a2c7c,charisma.country,available,3999.99,3999.99,high,low,8,godaddy,,,01/10/2026 01:20
dec48335-f22f-42c8-a643-223e5b081918,supermarket.country,available,2064.2,2064.2,high,low,11,spaceship,,,01/10/2026 05:02
a2d542d3-dacc-416a-9ff4-a4495d564f49,slowly.country,available,2298,2450,medium,low,6,namecheap,,,22/08/2026 23:55
59236567-8904-40b7-a5b2-a8b3b97774a0,nero.country,available,2298,2450,high,low,4,namecheap,,,25/09/2026 23:29
81aface7-2432-4b5d-aa13-1031b0083bd8,aright.country,available,2298,2450,high,low,6,namecheap,,,13/09/2026 20:49
da294675-7820-460b-b16f-e7fb93025668,changsha.country,available,2064.2,2064.2,high,low,8,spaceship,,,02/10/2026 00:31
18574a5f-ffc1-4419-8a9f-4304e7d64cb7,bloomington.country,available,2298,2450,medium,low,11,namecheap,,,27/09/2026 08:15
a1442ec6-8a54-4b29-adc4-3cd1c7c0f68d,production.country,available,2298,2450,high,low,10,namecheap,,,19/09/2026 18:56
d3fcfd2a-992e-480c-8478-786143633ec5,exuberant.country,available,2298,2450,high,low,9,namecheap,,,14/08/2026 23:21
d12bc034-e1eb-4a02-9d95-7b9dfcfb2c18,voluntary.country,available,2298,2450,high,low,9,namecheap,,,13/09/2026 07:07
5d0e64b6-a1cc-4b73-9cf8-7d25a3551680,stamped.country,available,2064.2,2064.2,medium,low,7,spaceship,,,30/09/2026 14:58
d7fb6aaa-058a-4c18-aeea-6d69f240864b,astheny.country,available,2298,2450,low,low,7,namecheap,,,20/09/2026 17:17
be697d60-09da-4b0a-b3a5-dfa6196380ef,discussions.country,available,2064.2,2064.2,medium,low,11,spaceship,,,29/09/2026 16:36
17e6295b-a7f9-464a-887b-22a2579b5fef,unburied.country,available,2298,2450,medium,low,8,namecheap,,,12/09/2026 04:40
31c08464-78c4-403b-882d-53bccfee1e7e,kovacs.country,available,2064.2,2064.2,medium,low,6,spaceship,,,02/10/2026 20:40
9193faaf-800c-46fc-abea-f94add154642,dare.country,available,2499.99,3799.99,high,low,4,name.com,,,13/08/2026 17:51
a985ca20-272e-4715-ae1f-83f3266659a0,felon.country,available,2298,2450,medium,low,5,namecheap,,,13/08/2026 06:25
ac55cc8f-fb4a-4f35-b75b-522063b6ffe0,division.country,available,2140.22,2140.22,high,low,8,dynadot,,,28/09/2026 19:33
54d8efc5-048f-4e1b-bc0f-208818bd4c8e,treed.country,available,2298,2450,medium,low,5,namecheap,,,07/08/2026 11:13
782cb5ca-3f9b-4cc4-b33c-4085946c4869,martin.country,available,2064.2,2064.2,high,medium,6,spaceship,,,29/09/2026 06:34
cd946978-d29e-4409-8ea2-534940fee060,basement.country,available,2140.22,2140.22,high,low,8,dynadot,,,29/09/2026 01:22
1628044e-7b5b-4445-88e1-6adab54c54ea,larval.country,available,2298,2450,medium,low,6,namecheap,,,22/08/2026 20:01
d7690f36-53af-461c-ae92-baf7967030ce,mauve.country,available,2298,2450,high,low,5,namecheap,,,24/08/2026 17:37
e139fad4-3c32-4694-911d-eea6c5748264,identifies.country,available,2064.2,2064.2,medium,low,10,spaceship,,,30/09/2026 22:38
f9b14ec6-8b7a-412e-b932-4e54f49fb46f,lighten.country,available,2064.2,2064.2,high,low,7,spaceship,,,30/09/2026 16:34
b7b603e4-e2d5-4f2a-9341-7da260436022,phenomenal.country,available,2298,2450,high,low,10,namecheap,,,08/09/2026 18:46
8d6b66ad-afeb-4b1e-a0b1-7d80baf29ffb,aiming.country,available,2064.2,2064.2,high,low,6,spaceship,,,28/09/2026 07:21
fac5f1ce-3ecd-46dc-a052-c4f2ca8abbd3,oedipus.country,available,2064.2,2064.2,medium,low,7,spaceship,,,03/10/2026 01:25
53476f93-7bc5-4ce7-ad65-a379eca352f5,newcomers.country,available,2060.25,2060.25,high,low,9,porkbun,,,02/10/2026 03:04
dc6d0df2-f12e-409a-a07e-7ea469dc6d4e,beaver.country,available,2499.99,3799.99,high,low,6,name.com,,,22/09/2026 22:29
956b9318-abea-4ff0-98c0-3344aa635d94,inst.country,available,2298,2450,high,low,4,namecheap,,,22/08/2026 07:26
caab4ec4-47bf-432c-b4b5-aa1c1a1979e7,enchained.country,available,2298,2450,medium,low,9,namecheap,,,12/08/2026 01:24
abb8c0c0-edd8-4bb7-8b70-420874efffec,daily.country,available,2298,2450,high,medium,5,namecheap,,,24/09/2026 04:21
58ce3600-0dad-46d5-ab28-fa0f1f66fc33,asea.country,available,2298,2450,medium,low,4,namecheap,,,10/09/2026 01:04
29bf82b3-2223-4e56-8533-cf768cfb1090,rack.country,available,2064.2,2064.2,high,low,4,spaceship,,,27/09/2026 15:29
5fd07662-0f4e-4760-96c1-fd66e2d178b4,unsubtle.country,available,2298,2450,medium,low,8,namecheap,,,12/09/2026 20:46
bcde6499-2824-4e8b-9196-ac0b02c85252,suarez.country,available,2060.25,2060.25,medium,low,6,porkbun,,,30/09/2026 05:29
4ec878db-eb47-45ee-ba24-4a5b2d63c8ee,pitching.country,available,2064.2,2064.2,high,low,8,spaceship,,,30/09/2026 06:51
b69701b3-11ba-4ad6-b295-33f898d07aa4,annan.country,available,2298,2450,medium,low,5,namecheap,,,30/09/2026 05:28
199a8f69-9418-42ad-9103-bb780860c7a5,ruminant.country,available,2298,2450,high,medium,8,namecheap,,,09/09/2026 19:22
11165796-272f-4761-8b8b-bd9423a86b41,heavyset.country,available,2298,2450,medium,low,8,namecheap,,,21/08/2026 05:31
8f3879d3-d4e0-4659-ba65-de532cf0733d,leonardo.country,available,2060.25,2060.25,high,low,8,porkbun,,,28/09/2026 18:51
aaeff550-02b6-45f1-8701-6f1a25efca6d,columella.country,available,2140.22,2140.22,medium,low,9,dynadot,,,30/09/2026 09:13
d31c099a-e918-479c-944f-059eaa147d24,bordello.country,available,2298,2450,medium,low,8,namecheap,,,21/09/2026 18:17
8e94d3f9-2100-47cb-9e6d-cf94932ba400,sacculated.country,available,2298,2450,high,medium,10,namecheap,,,09/09/2026 20:36
51faa9d9-b659-41b9-9766-e1633bd0b3ee,blvd.country,available,2064.2,2064.2,high,low,4,spaceship,,,02/10/2026 18:29
04e390e2-20b9-443d-b329-d4d0f5b73398,allows.country,available,2064.2,2064.2,low,low,6,spaceship,,,28/09/2026 08:44
1ba065a5-175c-4119-962d-2c6532581936,airburst.country,available,2499.99,3799.99,medium,low,8,name.com,,,17/09/2026 23:00
691eaa89-9ceb-4061-9e0d-6d64d9bdcc63,rouged.country,available,2298,2450,high,medium,6,namecheap,,,09/09/2026 18:49
a395b651-e003-4748-8755-85ca1edbd7a7,lxxvii.country,available,2298,2450,medium,low,6,namecheap,,,
67bd1753-1966-4d8a-bc8e-fcd435e4d122,reeking.country,available,2298,2450,high,medium,7,namecheap,,,09/09/2026 12:32
26b714df-596d-483c-919a-aa82059dd895,grapes.country,available,2064.2,2064.2,high,low,6,spaceship,,,28/09/2026 12:35
5599cb1c-472b-412b-9bf6-9cadfc24bb7e,bauble.country,available,2298,2450,high,low,6,namecheap,,,22/09/2026 16:31
d8ab1910-f29a-4ab0-9d1b-53d0ac2f96c4,imported.country,available,2298,2450,medium,low,8,namecheap,,,21/08/2026 22:48
1fb66991-4d0a-4f1f-af16-edfbac3c2637,deo.country,available,2060.25,2060.25,high,low,3,porkbun,,,29/09/2026 23:45
069c2b0c-2690-4f68-916e-287bda2ffae1,among.country,available,2060.25,2060.25,high,low,5,porkbun,,,30/09/2026 22:57
0161719e-5c15-4a33-a7ff-622f999ffa2f,kaliningrad.country,available,2064.2,2064.2,medium,low,11,spaceship,,,02/10/2026 19:35
dc65d7a7-deb7-421e-8703-e378e8759cd1,herbicide.country,available,2064.2,2064.2,high,low,9,spaceship,,,30/09/2026 17:35
c2a7a07e-deb7-456d-92c7-4b0a1fd87c9e,avaricious.country,available,2298,2450,medium,low,10,namecheap,,,07/08/2026 21:48
a0d5ac3f-c036-4e7f-bbf5-9a7059fa531f,nervous.country,available,2298,2450,medium,low,7,namecheap,,,21/09/2026 22:02
50acf0bd-daa9-46ea-8786-ddd8dde3f3e5,barkeep.country,available,2298,2450,high,low,7,namecheap,,,22/09/2026 06:22
3f58af03-c61d-4f82-81ba-c3ae068ce519,musa.country,available,2060.25,2060.25,high,low,4,porkbun,,,28/09/2026 05:49
a4c4ab30-863b-4e7e-af69-4dc058421588,dank.country,available,2298,2450,high,low,4,namecheap,,,12/08/2026 09:24
83332fb5-9e30-483b-a0ff-79802f2dff8d,flex.country,available,2298,2450,high,medium,4,namecheap,,,23/09/2026 07:41
7381c014-61ef-4d52-8abd-e4dcb8800397,acetum.country,available,2298,2450,medium,low,6,namecheap,,,17/09/2026 00:18
f31ba979-2a3d-43c9-8ccf-f2df889cff49,fourier.country,available,2298,2450,medium,low,7,namecheap,,,22/09/2026 07:13
64e11df2-56aa-4975-ad1a-476de805260f,thunderstorm.country,available,2064.2,2064.2,high,low,12,spaceship,,,01/10/2026 22:23
b4548d95-511d-43f3-8a36-77c4cf230fcb,deflect.country,available,2064.2,2064.2,high,low,7,spaceship,,,02/10/2026 16:20
10a41903-145d-4c2b-9ec8-e5c45a38091e,positioned.country,available,2064.2,2064.2,high,low,10,spaceship,,,29/09/2026 23:39
96abe662-19ca-4f36-a6fc-aadca6322cfe,zombi.country,available,2298,2450,medium,low,5,namecheap,,,21/09/2026 07:04
b48a79d2-60ed-4b35-9f5a-7b8a40c7f033,maledict.country,available,2298,2450,medium,low,8,namecheap,,,
55144ee2-30ec-4d16-900f-9dcb1233c764,typhoid.country,available,2064.2,2064.2,medium,low,7,spaceship,,,03/10/2026 00:41
ac379844-8205-4572-b3b6-1ef9cf2641a3,wendy.country,available,2298,2450,high,low,5,namecheap,,,25/09/2026 12:39
9b4318c7-9944-4501-8e2c-5b27ea57b258,reprints.country,available,2064.2,2064.2,medium,low,8,spaceship,,,28/09/2026 09:09
5a49a72b-7d17-4cb1-8b1b-c7e39b3b7269,pruitt.country,available,2064.2,2064.2,medium,low,6,spaceship,,,02/10/2026 00:43
9404d606-6d89-4215-a34c-38bfecf405da,laid.country,available,2298,2450,high,low,4,namecheap,,,25/09/2026 13:04
a48d0829-d3c3-4a20-bc9c-fa3151bb4856,erika.country,available,2140.22,2140.22,high,low,5,dynadot,,,02/10/2026 08:28
aeb5392e-06ad-4ad8-aff6-b053d361847f,middle.country,available,2298,2450,high,low,6,namecheap,,,23/09/2026 13:24
9b71a8c9-7096-4486-8f77-2cfcfc9fac42,diametric.country,available,2298,2450,medium,low,9,namecheap,,,14/08/2026 05:56
05d01fa3-d7c7-4b23-bc6e-6e65ec5699b0,penal.country,available,2298,2450,medium,low,5,namecheap,,,08/09/2026 13:51
d2a30d02-c2a7-4b72-a404-f3e81f7b18f9,abbe.country,available,2298,2450,medium,low,4,namecheap,,,16/09/2026 14:22
50fd028a-0ae4-4e86-ac52-f31aef81e3c7,sedative.country,available,2298,2450,high,low,8,namecheap,,,22/09/2026 10:55
580d9246-d61f-4e4d-9d71-90d4fb7772ab,murad.country,available,2064.2,2064.2,high,low,5,spaceship,,,30/09/2026 05:11
c37ab626-10d4-447a-b49e-d9d07dcd2b62,regions.country,available,2298,2450,high,medium,7,namecheap,,,17/09/2026 14:38
337648fd-a05e-4f34-93cd-0167b03d7c29,sugary.country,available,2298,2450,high,low,6,namecheap,,,19/09/2026 16:54
26770d92-3ef1-4aa2-a8f3-4b599d29afe0,afresh.country,available,2298,2450,medium,low,6,namecheap,,,13/09/2026 18:01
f3a20c33-e386-473f-abcd-3185d40ebbe7,cocksucker.country,available,2298,2450,medium,low,10,namecheap,,,08/08/2026 23:29
60b70c0f-a3c3-48e9-8afd-a9fa14533b3c,hinault.country,available,2298,2450,medium,low,7,namecheap,,,23/09/2026 09:48
4ef838f2-23ac-471d-9517-024dac1cff91,plead.country,available,2140.22,2140.22,high,low,5,dynadot,,,28/09/2026 15:36
e853559c-bd91-451b-8bc8-f7efd38a3fce,amour.country,available,2298,2450,high,low,5,namecheap,,,17/09/2026 14:07
d3b2ede7-59cc-4f0a-8d78-2ed66f397b85,organize.country,available,2298,2450,high,low,8,namecheap,,,23/09/2026 23:13
50e3c7eb-ba61-4fb2-a0d9-cd1c783199bc,macbeth.country,available,2140.22,2140.22,high,low,7,dynadot,,,29/09/2026 13:20
dbace48e-ada2-434b-9cdd-f8a2929565e0,circle.country,available,2140.22,2140.22,high,medium,6,dynadot,,,27/09/2026 16:29
6f4c1faf-c636-43df-8965-48cf2bd2ff7e,polyploid.country,available,2298,2450,medium,low,9,namecheap,,,08/09/2026 23:29
041d62d4-13aa-4bc6-92e1-4f4fe766b627,arng.country,available,2298,2450,medium,low,4,namecheap,,,20/09/2026 08:02
71526a96-4ab6-40fc-9384-333a254b3bbc,salaries.country,available,2064.2,2064.2,medium,low,8,spaceship,,,30/09/2026 07:09
a89937c8-fbfa-440d-980e-ca14400f6955,molecules.country,available,2450,,medium,low,9,namecheap,,,
d2aab413-f961-4ab8-b86b-0615176402ff,friedman.country,available,2064.2,2064.2,medium,low,8,spaceship,,,29/09/2026 18:58
6547c20f-7404-4a95-be04-ba02dc997f36,klein.country,available,2298,2450,high,low,5,namecheap,,,25/09/2026 03:56
7534602d-20ec-48ee-8cd5-2572cd825154,proximal.country,available,2298,2450,high,low,8,namecheap,,,09/09/2026 04:44
679fd0eb-78cb-43d5-b97b-ed966c7b7ef3,beanbag.country,available,2298,2450,high,low,7,namecheap,,,22/09/2026 20:20
bd1a3283-3f91-48c2-afb8-b2141b162084,moved.country,available,2064.2,2064.2,high,low,5,spaceship,,,01/10/2026 19:16
e93e622d-94ec-45fa-bf15-a3043e737dd4,amino.country,available,2298,2450,high,low,5,namecheap,,,
5087670d-2f63-4acc-b288-eb989721ba88,bacon.country,available,2064.2,2064.2,high,low,5,spaceship,,,28/09/2026 16:51
7f2089d4-e40b-44e4-b9cd-27bbbe91236e,engineered.country,available,2064.2,2064.2,high,low,10,spaceship,,,29/09/2026 14:48
0ab3694a-e852-450e-a4d1-193b80db11b8,breast.country,available,2298,2450,high,low,6,namecheap,,,24/09/2026 08:29
6b9ed866-2d81-49a5-95ba-2dcf16cd1825,alleviate.country,available,2298,2450,high,low,9,namecheap,,,01/10/2026 22:08
406eb472-481a-4b62-b2be-4181a53b7077,betrayed.country,available,2298,2450,medium,low,8,namecheap,,,26/09/2026 03:08
6e7345d8-3f29-4aeb-a392-61beb9675997,midatlantic.country,available,2064.2,2064.2,medium,low,12,spaceship,,,02/10/2026 09:49
232f700a-1233-4f37-846f-5224d437c974,vax.country,available,2064.2,2064.2,high,low,3,spaceship,,,02/10/2026 02:08
7f35af7e-efd7-4c7f-bc00-750cbc9ee367,vomit.country,available,2298,2450,high,medium,5,namecheap,,,10/09/2026 07:32
2fcd7014-ee79-4a8f-be7d-7d8d4ccdb0e5,wasteland.country,available,2298,2450,high,low,9,namecheap,,,08/08/2026 21:11
42d14e77-5053-4a80-97bc-698acdfc976a,weiss.country,available,2298,2450,high,low,5,namecheap,,,25/09/2026 15:49
afd12739-633f-47f1-a3c8-054d78f92d64,salesmen.country,available,2060.25,2060.25,low,low,8,porkbun,,,02/10/2026 23:19
649abfd6-7ad3-4ddd-af39-1b69cf1678eb,priestley.country,available,2060.25,2060.25,medium,low,9,porkbun,,,29/09/2026 07:23
7d7d7616-6ca6-4a3a-9432-a6dee75b5b99,bossy.country,available,2298,2450,medium,low,5,namecheap,,,07/08/2026 19:35
de55bea0-8dec-4195-97c8-7f335927792f,discoverer.country,available,2298,2450,high,low,10,namecheap,,,20/09/2026 11:37
e8172e05-5498-4db1-b4c9-4a796788f239,inman.country,available,2064.2,2064.2,medium,low,5,spaceship,,,29/09/2026 15:42
eb64e0ba-874f-42f1-85a1-0f03b2bd2d86,qualify.country,available,2064.2,2064.2,high,low,7,spaceship,,,28/09/2026 06:57
6eb07234-7694-4d47-9a8e-e5ca2068eee7,launceston.country,available,2140.22,2140.22,high,low,10,dynadot,,,02/10/2026 20:38
93860331-afb3-4cd5-86cd-82df8aa29c4a,unspotted.country,available,2298,2450,medium,low,9,namecheap,,,12/09/2026 20:15
cdd5deaf-d31a-4929-aa0b-609890c7bbcf,tolls.country,available,2064.2,2064.2,medium,low,5,spaceship,,,02/10/2026 14:23
0da440aa-fd05-4a1e-8f43-6a32590d63e8,auspices.country,available,2298,2450,medium,low,8,namecheap,,,17/09/2026 12:16
97533bef-b34e-4fd9-bd78-b7ded74dd3ff,backblast.country,available,2298,2450,medium,low,9,namecheap,,,21/09/2026 14:26
0e5ca823-907e-4e02-b730-f397328a515c,applet.country,available,2298,2450,high,low,6,namecheap,,,19/09/2026 21:38
1489adef-a30b-4485-88da-89ddf5bb1430,planets.country,available,2298,2450,high,low,7,namecheap,,,18/09/2026 11:12
6f9bf929-7376-437a-a9dc-1cfc7fcccb39,udc.country,available,2060.25,2060.25,medium,low,3,porkbun,,,02/10/2026 08:40
abcd70fe-2f8d-41e5-8721-4ae44bbfcb12,need.country,available,2298,2450,high,low,4,namecheap,,,25/09/2026 21:55
5af9cb2e-b6b1-4d67-8ca0-c1dc06f01e50,philippi.country,available,2298,2450,medium,low,8,namecheap,,,22/09/2026 15:38
5bd89ba7-1cfb-47d4-82e8-1b59ba0d8e9a,snuck.country,available,2298,2450,medium,low,5,namecheap,,,20/09/2026 23:46
63cd4f89-0b2a-4ba2-9ef2-4928191b1dc4,completion.country,available,2064.2,2064.2,high,low,10,spaceship,,,28/09/2026 10:41
be6b22e2-3fb0-448a-8660-82ddd8790be7,noteworthy.country,available,2298,2450,high,low,10,namecheap,,,03/09/2026 22:01
575051bc-7e67-4a24-94dc-3d050c25a86d,aiding.country,available,2140.22,2140.22,high,low,6,dynadot,,,30/09/2026 12:01
539e47dc-4f16-4212-a8db-e09948c62252,decorated.country,available,2298,2450,high,low,9,namecheap,,,21/09/2026 19:45
a2a30dfc-c7ba-48a4-8681-915db211210a,jong.country,available,2298,2450,medium,low,4,namecheap,,,28/09/2026 14:03
5fdcc3dc-66a1-40df-a66e-8675bceaf301,disclosed.country,available,2298,2450,medium,low,9,namecheap,,,24/09/2026 11:06
f33a1a6e-e8b9-4849-8551-f4a245e26b93,latex.country,available,2064.2,2064.2,high,low,5,spaceship,,,29/09/2026 13:16
16c8b370-647e-4d08-806f-7376b0a5655d,upset.country,available,2298,2450,medium,low,5,namecheap,,,24/09/2026 11:19
30782c12-5e0b-4e96-97d1-5cc5c0dcf652,deciduous.country,available,2298,2450,medium,low,9,namecheap,,,13/08/2026 21:26
5e0b08e6-b239-45c4-9f2b-a54de635bb14,arcus.country,available,2298,2450,high,low,5,namecheap,,,20/09/2026 03:02
41f385ec-dc3b-49dc-8549-dc19bad76885,tamanoir.country,available,2298,2450,medium,low,8,namecheap,,,19/09/2026 12:16
e7a4ca02-bf30-4de8-b4e4-9d5b410f1d57,constants.country,available,2298,2450,medium,low,9,namecheap,,,21/09/2026 01:13
94b17791-939e-41f7-ac9b-5bd239ca7536,healthy.country,available,2140.22,2140.22,high,low,7,dynadot,,,01/10/2026 22:45
deaaeaa4-48a7-4852-a987-a1956ae2d0c5,abidjan.country,available,2298,2450,medium,low,7,namecheap,,,16/09/2026 15:38
d2d21fba-5c4f-45c6-8104-31079ad0ee0d,radioactive.country,available,2064.2,2064.2,medium,low,11,spaceship,,,28/09/2026 11:17
e434f9b9-b62c-4fe5-b4d1-474cbdb6a2bd,snl.country,available,2064.2,2064.2,high,low,3,spaceship,,,02/10/2026 19:24
5ea52777-8431-4cd3-8c74-d6d66e8b276a,dat.country,available,2064.2,2064.2,high,low,3,spaceship,,,01/10/2026 19:11
49871774-26a8-406b-9d10-3ef1c23f99eb,tread.country,available,2140.22,2140.22,high,low,5,dynadot,,,30/09/2026 02:58
c4053bea-91b6-4ac3-ae37-e3847d2dc3f3,faisal.country,available,2064.2,2064.2,high,low,6,spaceship,,,29/09/2026 18:52
4e7c1b09-dc80-4587-b67b-0513b9a4e852,hebridean.country,available,2298,2450,medium,low,9,namecheap,,,21/08/2026 05:45
a5bc2dd1-eaa6-438a-b83a-eedcff2bcf0c,piercing.country,available,2298,2450,high,low,8,namecheap,,,22/08/2026 01:25
2f8686f9-fba5-40fb-bfe4-2e3226dd8a42,mississippi.country,available,2064.2,2064.2,high,low,11,spaceship,,,28/09/2026 03:26
53104069-54fa-4df7-a057-8bba262d066b,radios.country,available,2298,2450,medium,low,6,namecheap,,,18/09/2026 23:09
ba029136-96f7-4fa7-b08f-fb9d2591424b,impractical.country,available,2064.2,2064.2,medium,low,11,spaceship,,,01/10/2026 20:10
c5dbed46-5be4-4402-8622-9e3e4a33f9e2,moss.country,available,2064.2,2064.2,high,medium,4,spaceship,,,28/09/2026 14:55
77fe83f0-a96a-4541-bd7d-1a464a9d14ac,rac.country,available,2140.22,2140.22,high,low,3,dynadot,,,30/09/2026 04:10
8b1b3e93-788b-416f-986d-4090f10bd197,selective.country,available,2298,2450,high,low,9,namecheap,,,10/09/2026 01:58
5495bd68-7800-4255-9d57-d3f0545974a3,rented.country,available,2298,2450,medium,low,6,namecheap,,,17/09/2026 18:45
77b1de3f-df55-4ba7-8bbf-f1b9ebaf8ac9,spattered.country,available,2499.99,3799.99,medium,low,9,name.com,,,13/08/2026 15:15
a205a516-dd1b-4419-9902-8ca32cae2d01,emissions.country,available,2140.22,2140.22,medium,low,9,dynadot,,,01/10/2026 14:49
f0c40362-c57d-4758-91f9-a613c143ce13,amharic.country,available,2298,2450,medium,low,7,namecheap,,,
2b056154-a6da-4dde-a842-2cc6fc366afa,unowned.country,available,2298,2450,medium,low,7,namecheap,,,04/09/2026 22:16
9e6beebe-9afe-41ea-9f4d-d5cff515d012,installations.country,available,2064.2,2064.2,medium,low,13,spaceship,,,01/10/2026 18:25
8a21f566-5000-4c6e-9449-94203408d782,magnification.country,available,2064.2,2064.2,medium,low,13,spaceship,,,02/10/2026 11:43
28fa90e3-8f1b-4b63-b375-319c0a41ab36,matchless.country,available,2298,2450,high,low,9,namecheap,,,24/08/2026 17:00
5fc34611-2aea-4895-8dcf-7a635488aa6d,remnants.country,available,2140.22,2140.22,medium,low,8,dynadot,,,30/09/2026 23:45
18f9de74-a978-4f6a-9ed5-457b823921d2,richie.country,available,2064.2,2064.2,high,low,6,spaceship,,,28/09/2026 04:39
3cc796ec-0d9c-4fb6-a894-08cb08ce4222,tori.country,available,2298,2450,medium,low,4,namecheap,,,02/10/2026 20:03
9f1ad2de-4522-4666-a6d3-18c3e21a0dee,cutaneous.country,available,2499.99,3799.99,medium,low,9,name.com,,,13/08/2026 12:54
c05c87a5-8b95-470e-9a0a-20dfbcf6c0ee,somehow.country,available,2064.2,2064.2,medium,low,7,spaceship,,,28/09/2026 15:41
334c12d7-cab5-4797-a139-3b7730ffac32,hormone.country,available,2298,2450,high,low,7,namecheap,,,17/08/2026 01:04
cdb2cf60-54dd-4b09-ab65-890a4e7d2ea4,sushi.country,available,2060.25,2060.25,high,low,5,porkbun,,,30/09/2026 12:37
6e93e041-e04d-4a4f-a19d-4c19abf905fb,astutely.country,available,2298,2450,medium,low,8,namecheap,,,13/09/2026 22:20
f42ca5f7-059c-456c-b093-22e86674c3f4,koala.country,available,2064.2,2064.2,high,low,5,spaceship,,,30/09/2026 01:10
007096f3-15d9-4cfb-90cb-28238fbed33d,thug.country,available,2298,2450,medium,low,4,namecheap,,,27/09/2026 08:15
6ebccca4-43a2-457f-97d9-5b126c93b3de,vogue.country,available,2064.2,2064.2,high,low,5,spaceship,,,29/09/2026 02:30
0377e4ca-c48c-4329-9765-b3e2f93c4561,rockford.country,available,2064.2,2064.2,high,low,8,spaceship,,,27/09/2026 15:41
fa160e43-be92-44bb-a1e5-f7809bdeab42,firefox.country,available,2064.2,2064.2,high,medium,7,spaceship,,,02/10/2026 07:31
d7663631-2886-49b6-9f2b-3a9438228365,runners.country,available,2298,2450,high,low,7,namecheap,,,18/09/2026 06:01
31003fdb-07a3-412b-903b-42778d94dff3,cameo.country,available,2064.2,2064.2,high,low,5,spaceship,,,02/10/2026 04:15
47681544-2378-45a4-b1a0-891edf4608f0,unwashed.country,available,2298,2450,medium,low,8,namecheap,,,08/09/2026 21:02
fd0c0ec4-6c64-4dfe-9f24-8e77d8a2a4ed,bismark.country,available,2298,2450,medium,low,7,namecheap,,,23/09/2026 09:37
e373703d-6df7-4f7e-b9e3-66cfd7835542,mantrap.country,available,2298,2450,medium,low,7,namecheap,,,22/08/2026 16:50
ad71501b-b3f5-4231-b8b7-f6b158d147bd,catclaw.country,available,2298,2450,medium,low,7,namecheap,,,23/09/2026 23:59
c9263275-2168-434f-8316-10563b1f783a,fastgrowing.country,available,2450,,high,low,12,namecheap,,,
724b8cd2-5638-404c-b415-e32750a0b269,whereabouts.country,available,2064.2,2064.2,high,low,11,spaceship,,,02/10/2026 17:16
d6732afd-a65c-4188-9002-5d4dee95123b,purr.country,available,2298,2450,high,low,4,namecheap,,,23/09/2026 20:53
e4c5a538-7f33-4349-b3a7-6b7915c1ece8,alsatian.country,available,2298,2450,medium,low,8,namecheap,,,
39791a26-2719-4a76-ac12-4ef2bf18b14e,offensive.country,available,2298,2450,high,low,9,namecheap,,,14/08/2026 22:05
47a1bd33-a54d-49f9-9188-aaaa36ede41b,zamora.country,available,2064.2,2064.2,high,low,6,spaceship,,,29/09/2026 15:40
bdbb57c7-0dad-4cd1-9714-4f83a052ac7a,mansion.country,available,2060.25,2060.25,high,low,7,porkbun,,,28/09/2026 06:20
30989f6c-3093-402f-afb4-07e23dad2a9f,bombs.country,available,2499.99,3799.99,medium,low,5,name.com,,,25/09/2026 21:33
0e555548-e0fe-476e-b66c-b5ffdea138a0,parcels.country,available,2298,2450,medium,low,7,namecheap,,,01/10/2026 18:14
961e9d34-c754-422b-823b-b46d90958745,nudity.country,available,2064.2,2064.2,medium,low,6,spaceship,,,30/09/2026 02:22
36749e6a-1a43-4104-8c72-2a54620535b6,tolstoy.country,available,2064.2,2064.2,medium,low,7,spaceship,,,01/10/2026 01:34
cf615cc1-e29d-4340-88c5-e07fb364d005,nora.country,available,2298,2450,high,low,4,namecheap,,,25/09/2026 14:35
63703f5c-1242-4a00-a889-073057d037cc,update.country,available,2140.22,2140.22,high,low,7,dynadot,,,02/10/2026 21:17
6f2ed209-3fee-41e8-96e8-58e22b42e84b,grudging.country,available,2298,2450,medium,low,8,namecheap,,,20/08/2026 20:31
f79447b4-5984-4357-ac98-1d5c89b71205,narcotic.country,available,2298,2450,medium,low,8,namecheap,,,03/09/2026 13:12
e817d074-23dc-48b7-9145-05208c50e601,observers.country,available,2064.2,2064.2,medium,low,9,spaceship,,,30/09/2026 07:11
2d5a4c0f-974d-4a86-ab2b-5a00ab408352,casualty.country,available,2064.2,2064.2,medium,low,8,spaceship,,,28/09/2026 18:35
2f1196ac-7470-49c7-be15-879af62f951d,crease.country,available,2298,2450,high,low,6,namecheap,,,13/08/2026 07:14
4454a8eb-070a-41f9-88d9-ea8ded2d5810,convinced.country,available,2064.2,2064.2,high,low,9,spaceship,,,01/10/2026 19:46
bbc89156-85d0-4dbb-980c-fc634179fa7e,explanation.country,available,2450,,high,low,11,namecheap,,,
29689544-194a-415f-ae0e-6dd3bccd5880,opponents.country,available,2064.2,2064.2,low,low,9,spaceship,,,29/09/2026 16:42
1eb11005-abac-4c11-8c04-0f13caa84175,notices.country,available,2298,2450,medium,low,7,namecheap,,,20/09/2026 07:18
8cb066eb-291e-4f39-addc-508d15a209bf,racism.country,available,2140.22,2140.22,medium,low,6,dynadot,,,29/09/2026 02:00
870b14a9-4fcb-4b3e-8d3e-141ff5568b01,leadplant.country,available,2298,2450,medium,low,9,namecheap,,,18/09/2026 22:45
02b593e4-2245-4bbc-965f-c3d2fa8141f2,intro.country,available,2298,2450,high,low,5,namecheap,,,30/09/2026 00:18
4b3998ae-780e-43c3-9a5f-2de1e92afef9,using.country,available,2064.2,2064.2,high,low,5,spaceship,,,30/09/2026 14:15
44060de5-329d-4c72-9103-d71f29f64a67,matrix.country,available,2140.22,2140.22,high,medium,6,dynadot,,,29/09/2026 21:35
770537cb-e736-430a-bc3d-49f157a1e2c3,historied.country,available,2298,2450,medium,low,9,namecheap,,,21/08/2026 09:53
aed8b883-d360-4aa0-ba9b-bf5a18a515ff,ammunition.country,available,2298,2450,high,low,10,namecheap,,,18/09/2026 22:05
717586b2-d77c-4bdb-817f-c447d2ed2b5b,ampul.country,available,2298,2450,high,low,5,namecheap,,,18/09/2026 23:49
8496b0c0-0221-4d34-ab7b-4fbc3edc515a,cupping.country,available,2499.99,3799.99,high,low,7,name.com,,,24/09/2026 20:18
ac466eab-d5ea-4b6f-9ee1-6834c6a46cb4,thoroughbred.country,available,2298,2450,high,low,12,namecheap,,,01/10/2026 05:36
f0a6c9cf-fc72-4021-a554-cc7ea39a9db6,hotel.country,available,2064.2,2064.2,high,medium,5,spaceship,,,29/09/2026 23:01
b111c0a6-3048-402e-a6dd-355320e04f19,altair.country,available,2298,2450,medium,low,6,namecheap,,,18/09/2026 14:31
70971a1e-2377-481b-8cc7-da6c32d4f2df,flashback.country,available,2064.2,2064.2,high,low,9,spaceship,,,30/09/2026 17:20
9fe6a9cb-1e55-4ba2-93e7-2254104cb928,ndc.country,available,2064.2,2064.2,high,low,3,spaceship,,,02/10/2026 17:45
94939ba9-4c2d-4643-b003-368979402918,minority.country,available,2140.22,2140.22,high,low,8,dynadot,,,28/09/2026 14:53
7134fc64-a57b-4a37-8293-b541edf66570,mustafa.country,available,2298,2450,high,low,7,namecheap,,,28/09/2026 11:56
d90d5119-6b03-4408-b8a1-2d4d594e7312,marred.country,available,2298,2450,medium,low,6,namecheap,,,24/08/2026 16:28
0185f0e2-0b56-42e4-989b-acc1814eea2d,threadfish.country,available,2298,2450,medium,low,10,namecheap,,,18/09/2026 04:49
8ab9e499-cff8-4a00-bc1c-4c5de8b6260f,quentin.country,available,2499.99,3799.99,medium,low,7,name.com,,,27/09/2026 01:36
50c43378-05fd-4244-93ce-fe221016865d,reactive.country,available,2298,2450,high,low,8,namecheap,,,09/09/2026 10:56
467321f0-60a5-43fd-a40a-a38b9176433b,keating.country,available,2298,2450,high,low,7,namecheap,,,27/09/2026 08:01
16fec251-e0b0-4a9f-ac47-bfdb3efa8d16,autofocus.country,available,2298,2450,high,low,9,namecheap,,,21/09/2026 06:19
82e4fc83-4d3a-4a83-b661-5e44722bb516,fina.country,available,2298,2450,high,low,4,namecheap,,,29/09/2026 14:46
d7293bb2-0d7e-4308-8585-f2c28653d64b,tongued.country,available,2298,2450,medium,low,7,namecheap,,,11/09/2026 17:08
c8520761-0600-4d08-821c-85a6293302dd,meet.country,available,2298,2450,high,low,4,namecheap,,,24/08/2026 19:18
52028ba9-bf6a-4817-ad06-f41192bdcb54,indicative.country,available,2298,2450,medium,low,10,namecheap,,,13/08/2026 21:42
36c9b71b-59ea-4388-816f-38b6f40b6b6c,lutzen.country,available,2298,2450,medium,low,6,namecheap,,,22/09/2026 15:24
aa576a4d-5f33-4a8c-8165-ea275829ccba,foreigners.country,available,2064.2,2064.2,medium,low,10,spaceship,,,28/09/2026 23:22
da9b16d0-40c1-4486-93f0-e07df0f749cf,monkeys.country,available,2298,2450,medium,low,7,namecheap,,,17/09/2026 10:08
1c8b0b32-6693-407f-abd6-e0d5de61f7fc,sitting.country,available,2064.2,2064.2,high,low,7,spaceship,,,27/09/2026 19:14
93467931-7cd3-4246-9cf8-701473a03836,scorned.country,available,2298,2450,medium,low,7,namecheap,,,14/08/2026 04:16
a87e2af2-2404-4459-802a-138d2f031b91,show.country,available,2298,2450,high,low,4,namecheap,,,24/09/2026 16:06
b9ae51eb-b2cd-4b27-98ab-740ee5a1c29f,dearborn.country,available,2064.2,2064.2,high,low,8,spaceship,,,03/10/2026 02:51
ffa17f0b-91bf-4dee-b16a-4c441b05db27,aditi.country,available,2298,2450,medium,low,5,namecheap,,,17/09/2026 08:22
9e4601ee-5ff1-4a3d-a2e5-5dfb9a0e389a,bluff.country,available,2298,2450,high,low,5,namecheap,,,10/08/2026 16:13
bfa4e2ad-68a5-4e86-8df9-e5212eea452c,commands.country,available,2060.25,2060.25,medium,low,8,porkbun,,,28/09/2026 17:45
166a0d4c-1cd2-4bd8-a498-83d4239e4587,bernard.country,available,2298,2450,high,low,7,namecheap,,,23/09/2026 09:46
96e59f23-33fc-4016-8797-a3008665ddc3,hammers.country,available,2060.25,2060.25,medium,low,7,porkbun,,,01/10/2026 08:09
f38abc64-f68d-4f1a-b47b-80610879a095,zippy.country,available,2298,2450,high,low,5,namecheap,,,11/08/2026 04:35
68be89b3-81b1-4d79-8ab7-1e91d203feeb,unlovable.country,available,2298,2450,medium,low,9,namecheap,,,12/09/2026 15:08
d89a1450-db44-4d1b-a108-03a9f9454f5e,pce.country,available,2064.2,2064.2,high,low,3,spaceship,,,02/10/2026 23:26
995c7943-847d-44c5-9e4e-10e555f03440,strokes.country,available,2064.2,2064.2,medium,low,7,spaceship,,,29/09/2026 04:49
5b59de33-2d76-4f0f-948c-ffe73ae41d44,nadia.country,available,2064.2,2064.2,medium,low,5,spaceship,,,28/09/2026 22:03
46f046de-bbdb-446e-aa5c-9e5cdb3c3696,pareve.country,available,2298,2450,medium,low,6,namecheap,,,08/09/2026 01:25
621d9703-555e-4e5a-9801-98220410da90,unleaded.country,available,2298,2450,high,low,8,namecheap,,,22/08/2026 21:46
6adb3f08-7963-4f1a-937f-317936400ed5,declarative.country,available,2064.2,2064.2,high,low,11,spaceship,,,02/10/2026 18:26
ad30cd84-fd1e-43c9-8dd2-7a21c6a86167,desai.country,available,2140.22,2140.22,high,low,5,dynadot,,,30/09/2026 12:39
89669c86-55da-4de5-bdab-ca8382ac2846,roundly.country,available,2298,2450,medium,low,7,namecheap,,,14/09/2026 00:45
5ed650ed-310c-4f39-a4b3-f5d28e0db3af,dreamily.country,available,2298,2450,medium,low,8,namecheap,,,14/09/2026 14:15
a92d19d9-6946-4527-86c6-8abc6e655767,basilar.country,available,2298,2450,medium,low,7,namecheap,,,08/08/2026 22:16
7259459a-ac21-4967-866a-80455c35809b,bluish.country,available,2298,2450,high,low,6,namecheap,,,22/09/2026 22:47
56718324-6e1b-46a3-b27e-1cc52cbbe09e,counselling.country,available,2298,2450,high,low,11,namecheap,,,17/09/2026 12:13
220ff5ac-a487-4d45-ab5a-7418d67a60f3,alpenstock.country,available,2298,2450,medium,low,10,namecheap,,,18/09/2026 13:32
9527dbe4-d00a-49cf-9094-8df52d126a98,completed.country,available,2298,2450,high,low,9,namecheap,,,23/09/2026 17:22
07950b62-462b-43f2-b625-398feb7f7423,winless.country,available,2298,2450,medium,low,7,namecheap,,,13/09/2026 12:35
f13618b0-0b90-4b54-89e0-1f0c58a6e8be,malcontent.country,available,2298,2450,medium,low,10,namecheap,,,14/08/2026 09:23
2d540068-cc1f-4781-9587-35da82c56ab3,imitator.country,available,2298,2450,medium,low,8,namecheap,,,19/09/2026 16:27
0052e62d-8b24-47c2-afde-b5e4bfeaf141,doubtful.country,available,2298,2450,medium,low,8,namecheap,,,24/09/2026 11:52
e07b7faf-43c4-47f8-85dd-ed3dc6dabe2b,bezel.country,available,2499.99,3799.99,medium,low,5,name.com,,,23/09/2026 12:19
dccfc0fb-e0cf-49b8-bf78-3284caeff7d0,luxe.country,available,2499.99,3799.99,high,low,4,name.com,,,13/08/2026 19:13
64e57e93-3ae9-48ce-8d34-592b6bf35bc8,asanga.country,available,2298,2450,medium,low,6,namecheap,,,20/09/2026 12:49
cc40005b-ac7d-47c7-867e-57a211443f44,stilly.country,available,2298,2450,medium,low,6,namecheap,,,10/09/2026 20:35
8bf4906f-fdd9-4af0-b2b8-8901fa0f2381,hoarse.country,available,2298,2450,medium,low,6,namecheap,,,21/08/2026 10:10
f89a1606-cbea-4e16-99a6-50a2ca0f4dfd,horizon.country,available,2298,2450,high,high,7,namecheap,,,19/09/2026 20:16
47a0cbf9-5c51-471c-a217-e7f76cc63612,dialectic.country,available,2298,2450,high,low,9,namecheap,,,14/08/2026 05:50
dd65a5b5-ab49-46a6-a344-11b2a1a787c4,widespread.country,available,2298,2450,high,low,10,namecheap,,,24/09/2026 16:57
ea1855c3-f974-4f45-b4f9-81b8bbada5da,innovation.country,available,2064.2,2064.2,high,medium,10,spaceship,,,02/10/2026 10:34
65c35c3f-1cba-4902-981f-c98bc9142718,abhorrence.country,available,2499.99,3799.99,medium,low,10,name.com,,,16/09/2026 15:25
92810933-ac05-4cb1-9e1e-d612a629984a,msi.country,available,2298,2450,high,low,3,namecheap,,,03/10/2026 03:47
136b3aac-7556-432b-875c-0a9c4deae22a,spooner.country,available,2140.22,2140.22,medium,low,7,dynadot,,,03/10/2026 03:54
5dfd46e2-aa0c-4a98-bdce-57beebfdbd8b,disposable.country,available,2298,2450,high,low,10,namecheap,,,14/08/2026 12:03
6168d6b9-63ae-46fc-b809-f68dd1c3bf99,lester.country,available,2064.2,2064.2,high,low,6,spaceship,,,28/09/2026 05:11
da236048-cd35-40cf-8292-b5425138ae79,nestled.country,available,2298,2450,high,low,7,namecheap,,,03/09/2026 15:46
8c80a6a3-570c-47d7-a2cc-1bd7c27eec25,jefferson.country,available,2298,2450,high,low,9,namecheap,,,25/09/2026 23:16
b563af06-46ff-4a30-9fcc-6be489f6c68a,sands.country,available,2298,2450,high,low,5,namecheap,,,24/08/2026 07:38
8fe41186-e58c-4599-ba22-b135b63e7b3c,laugher.country,available,2298,2450,high,low,7,namecheap,,,09/09/2026 19:28
a9cfa5dd-cfdc-462b-a454-93b40ab3ef42,professionals.country,available,2060.25,2060.25,high,low,13,porkbun,,,28/09/2026 12:40
b11775ca-28bd-43d0-a649-ebc55d11826e,blazon.country,available,2298,2450,high,low,6,namecheap,,,24/09/2026 05:05
b090fccf-d2de-477e-97d1-2ba98d2ae012,qualifying.country,available,2298,2450,high,low,10,namecheap,,,23/08/2026 12:37
1b3a6893-18e4-4422-9dda-3db933edf1f4,abiding.country,available,2298,2450,high,low,7,namecheap,,,21/09/2026 13:52
4ce009b2-cd05-477c-9f68-055a48553792,meshuga.country,available,2298,2450,medium,low,7,namecheap,,,24/08/2026 21:06
19437f8d-a5c7-4825-b4f9-f854b1d5f7c1,downy.country,available,2298,2450,high,low,5,namecheap,,,14/08/2026 17:40
4ccbe62c-8ab7-4b3d-9177-1163c4888cdf,realms.country,available,2140.22,2140.22,medium,low,6,dynadot,,,01/10/2026 17:43
e9caac93-c301-4afa-9c5c-7a95e14739f8,genetic.country,available,2298,2450,high,low,7,namecheap,,,18/08/2026 21:31
46a748b1-70ef-4b5d-959d-5c2d2303cdcc,sacked.country,available,2298,2450,medium,low,6,namecheap,,,24/09/2026 06:49
6768d510-2814-4c6d-9f4d-43669f3b461d,cuzco.country,available,2064.2,2064.2,medium,low,5,spaceship,,,01/10/2026 19:08
31a88a52-a04b-4178-9df7-13c87ab72686,dorsal.country,available,2298,2450,high,low,6,namecheap,,,
179eb659-e99f-4df5-8ad3-379a331b3caa,adhere.country,available,2298,2450,high,low,6,namecheap,,,23/09/2026 17:04
f5505635-a103-4a84-a6f9-470248444c19,woodland.country,available,2064.2,2064.2,high,low,8,spaceship,,,29/09/2026 20:30
91a27b98-2315-4acb-aa44-007e7640b40d,warnings.country,available,2060.25,2060.25,low,low,8,porkbun,,,29/09/2026 17:44
a2d72a9e-b6b1-4fb5-b3f0-7858c46262bd,dictionary.country,available,2298,2450,high,low,10,namecheap,,,24/09/2026 22:14
fc98720d-8d89-4167-8fa2-ca273c975a06,knives.country,available,2064.2,2064.2,medium,low,6,spaceship,,,28/09/2026 05:00
b70c40f6-8c7d-435f-9756-082beaac936d,homeward.country,available,2298,2450,high,low,8,namecheap,,,21/08/2026 11:22
0e6fbb48-e625-443d-89a3-f5a40402d689,transporter.country,available,2064.2,2064.2,high,low,11,spaceship,,,30/09/2026 11:44
a0c1e2e9-18f9-4dbb-b8c8-e367b13a8d8f,spots.country,available,2298,2450,high,low,5,namecheap,,,27/09/2026 04:00
2f0cfd6e-829d-4d5c-a5da-3e861561f87e,uppsala.country,available,2298,2450,medium,low,7,namecheap,,,28/09/2026 11:02
1624974b-3ff6-4922-a9a7-5130d5ab5948,baseless.country,available,2298,2450,medium,low,8,namecheap,,,08/08/2026 21:44
9b77764c-eb32-4f2a-bb78-5d6faea70d7f,flavored.country,available,2064.2,2064.2,high,low,8,spaceship,,,03/10/2026 03:19
36c6d85e-c3ab-4f81-ba4c-ae857db8ba92,allusive.country,available,2298,2450,medium,low,8,namecheap,,,
8bfeedad-20e4-4489-8fb9-b46e82ffb41e,sever.country,available,2064.2,2064.2,high,low,5,spaceship,,,01/10/2026 04:12
46dd52a8-230b-427b-b8c5-e11142387155,glued.country,available,2298,2450,high,low,5,namecheap,,,20/08/2026 15:12
edc2b575-21b3-43da-9ed2-f04094f02690,intelligent.country,available,2064.2,2064.2,high,low,11,spaceship,,,30/09/2026 23:27
b3654384-bef5-42f5-b8e3-066088df54e6,buttony.country,available,2298,2450,medium,low,7,namecheap,,,09/08/2026 03:34
63d6c7cf-15e9-469b-8b72-1b44b73e0890,curzon.country,available,2064.2,2064.2,medium,low,6,spaceship,,,29/09/2026 22:25
5480ca9d-2a2b-4a5c-90f2-dbb33188c2a6,allice.country,available,2499.99,3799.99,medium,low,6,name.com,,,18/09/2026 11:05
1eacc3da-eff3-4dc9-a9e5-acfb84f3132e,defeated.country,available,2298,2450,medium,low,8,namecheap,,,13/08/2026 23:04
ce0c29c1-adf0-43e4-a370-6f01ee7dbf4c,anz.country,available,2064.2,2064.2,high,medium,3,spaceship,,,02/10/2026 20:34
c28b936c-2f0e-4637-9286-67f4e84bfad5,sweetsop.country,available,2298,2450,medium,low,8,namecheap,,,19/09/2026 10:27
25145ed5-daad-4af7-ab6a-2b258f928eaa,indefinitely.country,available,2298,2450,medium,low,12,namecheap,,,28/09/2026 22:50
f56838c4-c900-42c6-a1c2-8406942f4dcc,workload.country,available,2140.22,2140.22,high,low,8,dynadot,,,30/09/2026 03:09
c543efc7-4b19-4d06-bcbc-dbd412d85788,snidely.country,available,2298,2450,low,low,7,namecheap,,,16/09/2026 03:18
56c64455-e2e8-426e-8f21-19afbaa3f80d,harcourt.country,available,2298,2450,medium,low,8,namecheap,,,27/09/2026 08:10
3af500d0-accd-4311-9a37-2c7754d199ca,photic.country,available,2298,2450,high,low,6,namecheap,,,08/09/2026 19:17
2bb56f77-c1b7-4d5a-b425-f0ce2ebb6ea6,attacker.country,available,2298,2450,high,low,8,namecheap,,,17/09/2026 17:41
a1a14ede-0c3e-4f74-8b66-44f94e47a784,jolty.country,available,2298,2450,medium,low,5,namecheap,,,11/08/2026 09:50
372c0b22-671e-49ff-bd83-3b1469dcaf25,anthracite.country,available,2298,2450,medium,low,10,namecheap,,,19/09/2026 13:48
5eeb842b-8e3d-42da-82f2-3f593bb892d4,sail.country,available,2064.2,2064.2,high,low,4,spaceship,,,29/09/2026 12:14
1e78a854-5681-48ea-986e-39bf0702b112,exodus.country,available,2298,2450,high,low,6,namecheap,,,24/09/2026 06:52
83815d99-5f06-4603-9275-a3dcfda7da92,senses.country,available,2450,,high,low,6,namecheap,,,
a9815800-7670-41cb-9074-a6cd3215f366,extradition.country,available,2064.2,2064.2,medium,low,11,spaceship,,,01/10/2026 15:51
cdd902af-794f-45cd-bfcc-fa11d0e6b7c2,dumps.country,available,2064.2,2064.2,high,low,5,spaceship,,,30/09/2026 09:26
58d23da9-efcc-4525-b593-761460ffbc10,westside.country,available,2298,2450,high,low,8,namecheap,,,13/09/2026 11:00
81956dac-c2e9-4a34-b9e3-af7adad9337c,ferny.country,available,2298,2450,medium,low,5,namecheap,,,18/08/2026 02:00
669b0a80-c898-4da6-ba20-3dc61fb2e664,everyone.country,available,2298,2450,high,low,8,namecheap,,,30/09/2026 23:15
947e709b-4410-4c99-9d28-4e95ae3d188a,seafaring.country,available,2298,2450,medium,low,9,namecheap,,,04/09/2026 00:22
fdf27c6f-e1cc-426e-9ddb-d8cd017bb27b,soe.country,available,2298,2450,medium,low,3,namecheap,,,28/09/2026 21:29
fccbc8e0-c93a-4bd8-a801-c301d6ba4f95,sophisticated.country,available,2064.2,2064.2,high,low,13,spaceship,,,01/10/2026 19:52
46148841-cb82-48ec-ab48-086c10f59fcd,soundtrack.country,available,2064.2,2064.2,high,low,10,spaceship,,,30/09/2026 18:47
64e29aa4-1c53-4c9d-8e03-12762e3cd49c,cultivars.country,available,2064.2,2064.2,low,low,9,spaceship,,,28/09/2026 00:23
4b439818-7f1d-4c24-9f27-880d310eef5e,husbands.country,available,2064.2,2064.2,medium,low,8,spaceship,,,27/09/2026 18:17
e2786294-accc-4991-ae11-1f6ebcb92804,tags.country,available,2064.2,2064.2,low,low,4,spaceship,,,28/09/2026 23:26
9c404150-5ba7-4e4c-ab87-5295eb66947a,unrealised.country,available,2298,2450,medium,low,10,namecheap,,,12/09/2026 11:02
afefddac-7b1c-4a76-bb69-8c117fe25976,resole.country,available,2298,2450,medium,low,6,namecheap,,,10/09/2026 13:33
2beb3620-0c7d-4a92-9b80-3d83093d7834,margosa.country,available,2298,2450,medium,low,7,namecheap,,,20/09/2026 05:43
c2bf0a07-557a-444b-9583-aeda51dd096d,madame.country,available,2064.2,2064.2,high,low,6,spaceship,,,28/09/2026 06:18
4b4ae510-1d29-489a-a352-ac6bffec51b7,elucidated.country,available,2060.25,2060.25,medium,low,10,porkbun,,,30/09/2026 16:27
0d139d78-68f8-4f29-a341-fbc970b4e8ba,comprehension.country,available,2064.2,2064.2,medium,low,13,spaceship,,,29/09/2026 23:00
83d4f43e-651a-429a-8550-b213ae38155c,namely.country,available,2064.2,2064.2,medium,low,6,spaceship,,,28/09/2026 16:21
f9bf00ad-9aa2-46f0-9d2d-555e4b95775c,adjuster.country,available,2298,2450,high,low,8,namecheap,,,17/09/2026 08:32
565ed35f-58a2-4dd4-8514-1414e9db47c0,manny.country,available,2064.2,2064.2,high,low,5,spaceship,,,28/09/2026 07:22
e554ad28-4d1d-4afe-8f8b-4cb5fb2dfc99,missional.country,available,2298,2450,high,low,9,namecheap,,,25/08/2026 01:50
2df7d457-16fb-45ab-871c-ac4c500cf9b9,bacterial.country,available,2499.99,3799.99,high,low,9,name.com,,,22/09/2026 16:00
7a88a9f9-9673-46fc-8760-1299094a8579,ignorance.country,available,2064.2,2064.2,medium,low,9,spaceship,,,28/09/2026 10:08
3c8bc5f7-4015-46c5-ae41-7f92333b8a6d,darkest.country,available,2064.2,2064.2,medium,low,7,spaceship,,,30/09/2026 07:35
d8b5fb98-5468-4b35-a33c-c6e73f16ae88,subordinate.country,available,2298,2450,high,low,11,namecheap,,,30/09/2026 11:42
792b6bed-df24-4fff-b020-b71d9590be92,sudden.country,available,2064.2,2064.2,high,low,6,spaceship,,,28/09/2026 01:51
f617b760-0d42-4d6b-8622-077ddbef5a10,chirping.country,available,2064.2,2064.2,high,low,8,spaceship,,,01/10/2026 23:22
95627e88-feec-41b2-90ec-7f03788f59f3,lambert.country,available,2298,2450,high,low,7,namecheap,,,28/09/2026 13:45
9fc275da-08cd-456d-b68c-f1b7734af759,animistic.country,available,2298,2450,medium,low,9,namecheap,,,
0ba6ef27-aa3a-4ebf-ba04-d9245819912b,prettily.country,available,2298,2450,medium,low,8,namecheap,,,15/09/2026 21:22
304d7f6c-dde4-4cb0-9195-fb6d4664b494,tobey.country,available,2064.2,2064.2,medium,low,5,spaceship,,,02/10/2026 16:03
3df28040-c731-480b-8e73-156b6a81cd22,hobbs.country,available,2298,2450,high,low,5,namecheap,,,27/09/2026 04:26
1d9a691b-cb46-4839-bd48-33c7b5008972,chuck.country,available,2298,2450,high,low,5,namecheap,,,08/09/2026 10:16
d3669dc2-5f49-427a-ac61-0ccb3b0ce115,taxing.country,available,2298,2450,medium,low,6,namecheap,,,11/08/2026 10:33
bcee0b27-fbf1-4cc8-af52-a87054dbbe63,uncertainty.country,available,2060.25,2060.25,medium,low,11,porkbun,,,29/09/2026 16:17
3167580f-4fdb-4537-91ba-1b2729c83900,flightless.country,available,2298,2450,medium,low,10,namecheap,,,18/08/2026 08:09
60ad2113-b522-4213-a929-1fe3648f299b,originators.country,available,2064.2,2064.2,medium,low,11,spaceship,,,02/10/2026 23:20
1815fb0b-a25d-4995-bd97-9f979ad499e5,absent.country,available,2298,2450,high,low,6,namecheap,,,21/09/2026 14:37
cf3beaf9-03e7-4e20-bb2e-457987609091,mattress.country,available,2064.2,2064.2,high,low,8,spaceship,,,28/09/2026 19:51
667daf63-6ef3-419a-9a2e-5b92d038d157,jeremy.country,available,2298,2450,high,low,6,namecheap,,,27/09/2026 10:46
899c5bc7-f275-4721-95e8-46546de6b04e,seaworthy.country,available,2298,2450,medium,low,9,namecheap,,,10/09/2026 01:05
ad1dd141-db62-4bd3-a598-f51b08c33092,kemper.country,available,2298,2450,high,low,6,namecheap,,,29/09/2026 14:53
9500ea60-2920-4eec-aa56-73f25528791d,octagonal.country,available,2298,2450,medium,low,9,namecheap,,,04/09/2026 00:37
0205e1f9-b72b-4b0e-90a9-ddb6061126b2,astonished.country,available,2298,2450,high,low,10,namecheap,,,22/09/2026 03:35
4fc6b124-bfbe-4fa9-ae67-8864bf8a3758,jenner.country,available,2064.2,2064.2,medium,low,6,spaceship,,,29/09/2026 00:45
881cd7d2-2bf2-4f4a-a00c-b85193f714f2,masks.country,available,2064.2,2064.2,medium,low,5,spaceship,,,28/09/2026 09:01
1de45784-74eb-4767-9396-692d72e2e44a,launches.country,available,2298,2450,medium,low,8,namecheap,,,21/09/2026 09:09
ba47a8ba-7f61-4ee1-ac78-3469f523c7b2,pissed.country,available,2298,2450,medium,low,6,namecheap,,,
0421ef2e-a62a-48ee-badf-90f678307bac,fart.country,available,2060.25,2060.25,high,low,4,porkbun,,,01/10/2026 01:11
efa9dd3f-4825-45e9-b49e-d39b704849bc,committees.country,available,2298,2450,medium,low,10,namecheap,,,20/09/2026 09:05
5a7db75f-d5aa-4b13-ac73-c4b5616ccf34,crossing.country,available,2298,2450,high,low,8,namecheap,,,27/09/2026 03:30
aa15f8d8-bc19-4ba7-a44f-dda0d78c47b8,khartoum.country,available,2298,2450,medium,low,8,namecheap,,,24/09/2026 12:25
e46dffa8-b876-43f8-90d5-cfba74b90e03,tracey.country,available,2064.2,2064.2,medium,low,6,spaceship,,,28/09/2026 21:51
0031b4cd-f1b2-4cbc-90e8-a0ae3ac15603,unentitled.country,available,2298,2450,low,low,10,namecheap,,,12/09/2026 09:07
91972a30-f51c-4ad3-990b-83eacd76c031,disloyal.country,available,2298,2450,medium,low,8,namecheap,,,14/08/2026 11:36
f9573a8e-4d32-4381-9e93-7afda7d54b24,clxx.country,available,2298,2450,medium,low,4,namecheap,,,
4d6aab6f-86cb-4ee3-af20-ed61459c52a0,koch.country,available,2298,2450,high,low,4,namecheap,,,25/09/2026 08:52
41474f2a-9372-4a4a-b236-8752a9006a22,arietta.country,available,2298,2450,medium,low,7,namecheap,,,20/09/2026 05:25
878950d1-59e8-4dab-9ecd-9873f6c4e12b,unreached.country,available,2298,2450,medium,low,9,namecheap,,,04/09/2026 18:48
38652113-c0cb-4faf-ab34-571adf1052b9,troubles.country,available,2298,2450,medium,low,8,namecheap,,,27/09/2026 02:38
8939b11a-39f0-45ae-adf4-7a4bc9a73ef5,infantile.country,available,2298,2450,medium,low,9,namecheap,,,12/08/2026 05:04
76508b9b-a6ad-41a5-8793-d2f5989f9d0f,dissonant.country,available,2298,2450,medium,low,9,namecheap,,,07/08/2026 12:26
1ff97672-3882-493c-afb8-2db57160d92a,ominous.country,available,2298,2450,medium,low,7,namecheap,,,24/08/2026 20:00
718a0714-ebe2-4e1b-8389-512c5edc372e,annum.country,available,2298,2450,high,low,5,namecheap,,,19/09/2026 11:04
b5c197e1-f26d-4672-b9f2-4426d54e38d5,proper.country,available,2298,2450,high,low,6,namecheap,,,27/09/2026 07:40
47ddefc8-d506-4ae3-b9bf-60b0b6c8d30a,role.country,available,2298,2450,high,low,4,namecheap,,,25/09/2026 09:54
e6a06669-5f73-41d5-a1a2-66f44c2c515d,projects.country,available,2064.2,2064.2,high,low,8,spaceship,,,28/09/2026 08:54
17ac62ed-70c7-4c7d-a5e9-33fad91ff604,regulated.country,available,2298,2450,high,low,9,namecheap,,,09/09/2026 13:06
18de191e-e703-4dd3-8be5-3024988d1c10,knocker.country,available,2298,2450,medium,low,7,namecheap,,,24/09/2026 22:02
9c1cc995-cf2b-4d48-b61e-fce2231839f1,dallas.country,available,2298,2450,high,low,6,namecheap,,,25/09/2026 04:35
aa8a8b1f-601e-432d-ab70-aae7a8bb65fb,blazonry.country,available,2499.99,3799.99,medium,low,8,name.com,,,24/09/2026 05:06
d3f6db5b-0bf7-46ac-8bb9-87232d4225fa,refuse.country,available,2298,2450,medium,low,6,namecheap,,,27/09/2026 02:42
cb2ab749-3c50-440f-ab05-664dad537889,diagonal.country,available,2298,2450,medium,low,8,namecheap,,,07/08/2026 04:07
49d90e34-af6f-4f72-9e72-ed06a3188f9b,maitland.country,available,2064.2,2064.2,medium,low,8,spaceship,,,28/09/2026 01:57
d95c6830-e661-4db2-8e7b-cf68f72e3267,zhejiang.country,available,2064.2,2064.2,medium,low,8,spaceship,,,29/09/2026 03:49
71eba253-bc74-491d-8b0b-c12185c5271a,hobart.country,available,2499.99,3799.99,high,low,6,name.com,,,25/09/2026 07:24
94460b33-6820-4c6d-81a7-4129be05db26,babbitt.country,available,2298,2450,high,low,7,namecheap,,,21/09/2026 12:17
91ce5a11-68d6-42c5-b3dd-e4ffb1b7f2e1,landed.country,available,2298,2450,high,low,6,namecheap,,,22/08/2026 19:22
bcfec865-5bdd-4bf8-a39a-4d0e478f818f,huntsville.country,available,2298,2450,high,low,10,namecheap,,,27/09/2026 04:30
3729f943-95bb-4472-81f8-c2f92e41701d,roughhewn.country,available,2298,2450,high,medium,9,namecheap,,,09/09/2026 19:00
e3803d76-c5d7-4eb4-903e-fe01457a82af,origin.country,available,2298,2450,high,low,6,namecheap,,,08/09/2026 13:23
15aa75de-a7bc-45d0-931d-b238cdc0ebb9,phantom.country,available,2298,2450,high,low,7,namecheap,,,08/09/2026 18:32
bd37c593-9c44-4863-871c-e37d7a636bc3,sensors.country,available,2064.2,2064.2,medium,low,7,spaceship,,,28/09/2026 09:09
33fd648e-f90d-4850-94b2-34fc3fb28014,dbs.country,available,2064.2,2064.2,high,low,3,spaceship,,,01/10/2026 10:18
7f119ec4-f441-400d-9908-8acbf219347d,stalled.country,available,2298,2450,medium,low,7,namecheap,,,20/09/2026 17:27
a80a9313-dceb-4892-902a-2bb781ad8b9b,starkly.country,available,2298,2450,medium,low,7,namecheap,,,16/09/2026 06:57
81b70b3f-1dbc-4c82-a249-4320f37c35fb,crayola.country,available,2298,2450,high,medium,7,namecheap,,,02/10/2026 13:45
c63bea00-d2d5-4424-945d-f83af5454bfe,marihuana.country,available,2064.2,2064.2,high,low,9,spaceship,,,29/09/2026 06:39
96ee974d-7f16-4b5e-a3d8-ef48d97725e8,arundo.country,available,2298,2450,medium,low,6,namecheap,,,20/09/2026 12:25
567686b0-909a-4c58-b230-c4f9750cb436,pretentious.country,available,2064.2,2064.2,medium,low,11,spaceship,,,01/10/2026 22:34
2ef0bdb1-8fc3-42e1-9f04-dab8632dc1d6,arthur.country,available,2298,2450,high,low,6,namecheap,,,20/09/2026 10:45
acdad99a-f132-424d-9ff2-288d5be6cf74,vendable.country,available,2298,2450,medium,low,8,namecheap,,,24/08/2026 20:30
8aa2e9c2-0d17-4043-9b4e-c4f60a7f81fa,afp.country,available,2298,2450,high,low,3,namecheap,,,17/09/2026 15:12
d61de9bb-5de1-4c1f-8b08-155d7bc2812e,lazuline.country,available,2298,2450,medium,low,8,namecheap,,,08/08/2026 03:18
35cb4164-fca6-4b96-9b20-29d7d123e33d,communists.country,available,2064.2,2064.2,medium,low,10,spaceship,,,28/09/2026 13:10
1a3717e9-7a74-4522-86bd-bfe512a187ff,father.country,available,2064.2,2064.2,high,low,6,spaceship,,,29/09/2026 02:01
40ecf628-a1b3-4d95-b13f-ef8a252161af,crane.country,available,2298,2450,high,low,5,namecheap,,,24/09/2026 19:02
d5fdc0b1-d076-4bc4-9a11-14e958d89692,amsterdam.country,available,2298,2450,high,low,9,namecheap,,,19/09/2026 00:08
98c3009e-a5df-4642-b78d-2ccb8910248a,haired.country,available,2298,2450,medium,low,6,namecheap,,,20/08/2026 22:09
e9db858a-e9d2-419c-8085-1e3bcfa27acb,downtime.country,available,2298,2450,high,low,8,namecheap,,,24/09/2026 23:41
0129bf2b-425e-4fff-a95a-3f4403cdf903,introspection.country,available,2298,2450,high,low,13,namecheap,,,17/09/2026 06:54
0d733812-5d07-4d6c-a567-387ed6555410,adventurer.country,available,2298,2450,high,low,10,namecheap,,,17/09/2026 10:41
80df4d18-3a93-4874-9c82-2cfa616dda84,attentive.country,available,2499.99,3799.99,high,low,9,name.com,,,22/09/2026 11:22
b0332f88-0915-40ac-9928-4647cbfd6896,scarlett.country,available,2450,,high,low,8,namecheap,,,
c49b299d-b470-40f3-8319-78afaa2d2b3e,sopranino.country,available,2298,2450,medium,low,9,namecheap,,,10/09/2026 14:22
5ebbe5b8-b064-4c47-9dfb-38311ddfd681,tacking.country,available,2298,2450,medium,low,7,namecheap,,,22/09/2026 12:46
d6a10bff-f6e7-419e-a420-104d47ee51a5,eastbourne.country,available,2064.2,2064.2,high,low,10,spaceship,,,02/10/2026 00:02
d5bf197d-0544-44e8-a2ad-7fb86736ceb5,cutaneal.country,available,2499.99,3799.99,medium,low,8,name.com,,,13/08/2026 12:57
adaaa3d1-515d-4142-8175-e23003260106,dandyish.country,available,2499.99,3799.99,medium,low,8,name.com,,,13/08/2026 17:03
0c50be5c-42b8-4655-8345-fc9eb0f9a918,escalator.country,available,2064.2,2064.2,high,low,9,spaceship,,,02/10/2026 04:44
1a082c72-dc90-46f2-afac-cb91eb815071,squares.country,available,2064.2,2064.2,medium,low,7,spaceship,,,28/09/2026 23:48
91a05283-912e-4e7e-a279-a316f4a0eefc,bodies.country,available,2499.99,3799.99,medium,low,6,name.com,,,25/09/2026 16:46
a9d89bf3-553d-460d-943c-3f1e6aa6b7ba,mackey.country,available,2060.25,2060.25,medium,low,6,porkbun,,,29/09/2026 04:38
898ade14-d03a-469c-9e94-01bf56e41ee6,aquarius.country,available,2298,2450,high,low,8,namecheap,,,19/09/2026 23:03
68f55560-1912-4953-937f-ce7d246a7c29,affirmable.country,available,2298,2450,medium,low,10,namecheap,,,
23fefeec-88e1-489c-af79-860056c026ce,damning.country,available,2499.99,3799.99,medium,low,7,name.com,,,13/08/2026 16:33
407d5cc6-19b0-4198-9d32-7e42e46112b1,refreshed.country,available,2298,2450,high,low,9,namecheap,,,25/09/2026 11:08
3c3566af-30a9-4413-b3cf-71da8c57c5b1,saunders.country,available,2140.22,2140.22,high,low,8,dynadot,,,27/09/2026 19:44
70ebbb55-b43d-4f00-9bab-d5c131261bdf,illinois.country,available,2298,2450,high,low,8,namecheap,,,21/08/2026 18:40
c7741d50-d936-4606-ad88-9b98f47e5da3,arsenal.country,available,2298,2450,high,low,7,namecheap,,,20/09/2026 09:36
6a8e4a92-5dc7-4ac1-98ec-e534e8dc023a,selfless.country,available,2298,2450,high,low,8,namecheap,,,22/09/2026 02:51
983283dc-d1f6-4a67-a9fc-e3bf22044aed,spontaneously.country,available,2064.2,2064.2,medium,low,13,spaceship,,,30/09/2026 11:58
c2645f85-53f4-4c50-800a-dccd3820f4ee,notably.country,available,2298,2450,medium,low,7,namecheap,,,15/09/2026 16:54
1d82af3f-d86d-4c53-a0e2-9c28f3675c89,lienal.country,available,2298,2450,low,low,6,namecheap,,,23/08/2026 01:33
98e0e891-5c7e-4b6b-b115-dcd6be7bd67a,roughly.country,available,2298,2450,high,low,7,namecheap,,,21/09/2026 14:14
1df3ed6e-85f2-473c-9e36-a0f3e2e1397e,laxative.country,available,2298,2450,high,low,8,namecheap,,,22/08/2026 21:25
6758f355-d637-4e6a-b65a-4d93a505b67a,societies.country,available,2064.2,2064.2,high,low,9,spaceship,,,30/09/2026 06:42
26b3e744-3a7f-4825-b39b-aec3c37d5089,hector.country,available,2298,2450,medium,low,6,namecheap,,,11/08/2026 08:59
2fb9fcce-78ea-4283-9e4e-bbea3e4a9a36,prosecutor.country,available,2298,2450,high,low,10,namecheap,,,27/09/2026 05:05
c9531018-2541-4cf4-8228-90827cd0b5c0,lumpy.country,available,2298,2450,medium,low,5,namecheap,,,12/08/2026 07:46
28c920b2-3d0e-4e5e-8c67-9b470f8d6a1b,prayers.country,available,2298,2450,high,low,7,namecheap,,,18/09/2026 03:21
b781ce4c-2cf3-4128-8f00-877d3678ba5c,applier.country,available,2298,2450,medium,low,7,namecheap,,,19/09/2026 21:54
6452fc47-9128-4ebf-a55d-306fc3b8936b,amaze.country,available,2298,2450,high,low,5,namecheap,,,21/09/2026 17:36
e1c20f94-e51b-4486-8ce7-89184c89ee83,restaurateur.country,available,2298,2450,high,low,12,namecheap,,,03/10/2026 02:32
65b94fc3-cf91-4f22-89cb-efcffed62c82,rhianna.country,available,2064.2,2064.2,high,low,7,spaceship,,,02/10/2026 14:02
b0aca8e3-4a94-4ad0-bbab-ea325167dae6,specimens.country,available,2298,2450,low,low,9,namecheap,,,29/09/2026 16:57
ce7e2336-f16a-40ed-b117-f8d52aa6ccae,pitahaya.country,available,2298,2450,medium,low,8,namecheap,,,16/09/2026 20:46
acd4302a-6c88-46c9-b903-29889bbdbdac,finding.country,available,2298,2450,high,low,7,namecheap,,,19/09/2026 14:57
dbeaef55-f317-401f-ae33-e8f3d29fb565,advice.country,available,2140.22,2140.22,high,low,6,dynadot,,,28/09/2026 19:02
a399bbb1-34f9-4d37-811f-39956efad547,combat.country,available,2298,2450,high,low,6,namecheap,,,24/09/2026 18:08
6f01d85b-489e-4cb4-baf6-f4e7f804da59,agar.country,available,2298,2450,medium,low,4,namecheap,,,17/09/2026 16:14
e94ea6b3-02b1-4fa1-9c49-adc8167bdaa8,bukhara.country,available,2064.2,2064.2,high,low,7,spaceship,,,03/10/2026 04:37
a1baee8f-92fa-4de5-81d3-c3afb54713fd,severance.country,available,2140.22,2140.22,medium,low,9,dynadot,,,02/10/2026 04:48
7468c068-e371-4dc4-9666-850aea025c25,bacchanal.country,available,2298,2450,high,low,9,namecheap,,,08/08/2026 04:14
ede35b4f-14a3-44f1-88fa-2253c782154c,forested.country,available,2298,2450,high,low,8,namecheap,,,18/08/2026 11:43
7274110b-6ec2-4cf2-860a-1ad9f5d28fde,cole.country,available,2298,2450,high,low,4,namecheap,,,25/09/2026 01:59
f06ca799-5dac-4ff0-8e61-98161a5c1c94,upper.country,available,2060.25,2060.25,high,low,5,porkbun,,,28/09/2026 09:57
2ce978c1-5993-416e-82b4-0ad1fed8bc96,lithic.country,available,2298,2450,medium,low,6,namecheap,,,24/08/2026 07:28
3b5b2853-e6bd-47fa-81ce-537f370dddc0,wilton.country,available,2064.2,2064.2,high,low,6,spaceship,,,30/09/2026 19:06
6f66045e-93dd-4839-9c9f-2edbfd44a795,systolic.country,available,2298,2450,high,low,8,namecheap,,,11/09/2026 06:48
16864ae0-ece6-4a6f-bc43-3d008bcb33df,sickly.country,available,2298,2450,high,low,6,namecheap,,,
a3e33a5b-10ef-4b81-8266-31018fbf7149,tequila.country,available,2298,2450,high,low,7,namecheap,,,29/09/2026 20:30
a085229a-f461-48c7-9ea2-c72146507ccb,canoe.country,available,2298,2450,high,low,5,namecheap,,,29/09/2026 06:41
5ca11c37-00e1-4117-a2e0-7ff41f1f228e,opel.country,available,2064.2,2064.2,high,medium,4,spaceship,,,30/09/2026 10:39
46c0ae91-b2af-4538-abb1-83b8eed956c5,quat.country,available,2298,2450,medium,low,4,namecheap,,,17/09/2026 15:25
0f4e6c61-de18-4812-998f-52d6a0f5cdee,adrienne.country,available,2060.25,2060.25,medium,low,8,porkbun,,,29/09/2026 09:35
795caf75-1275-4c1f-83a5-3a69a2f0d11e,scripps.country,available,2064.2,2064.2,high,low,7,spaceship,,,28/09/2026 05:34
0be0106c-e09c-459c-bf07-5563f47de854,aliens.country,available,2298,2450,high,low,6,namecheap,,,19/09/2026 19:25
f2a3aff6-6e4b-49de-b25e-12427ff6dba4,spark.country,available,2298,2450,high,medium,5,namecheap,,,20/09/2026 01:07
9c88f9e2-18c0-40a6-b5e4-c84cdd21b4b7,skirt.country,available,2060.25,2060.25,high,low,5,porkbun,,,29/09/2026 03:43
d498b7ee-9f69-4582-9b45-d752eae0a8bd,chunks.country,available,2298,2450,medium,low,6,namecheap,,,18/09/2026 14:56
66ed6d40-f7e9-4c98-901b-46ba550edc9a,spindle.country,available,2064.2,2064.2,high,low,7,spaceship,,,01/10/2026 02:58
7e8dd306-daad-471c-8362-32ff3e1fb684,fittest.country,available,2298,2450,medium,low,7,namecheap,,,18/09/2026 04:12
e35a3780-3e28-4b96-b438-b8931d51d935,missing.country,available,2298,2450,high,low,7,namecheap,,,25/09/2026 16:55
db64c2a6-f7e2-47f6-b347-850a256a5c1e,cubby.country,available,2298,2450,high,medium,5,namecheap,,,10/09/2026 12:51
12a164ae-35d1-4591-8852-ddf29c4ef03a,craggy.country,available,2298,2450,medium,low,6,namecheap,,,13/08/2026 04:44
a17bd58c-e68d-4d6d-82dc-b38edb684181,monarchal.country,available,2298,2450,medium,low,9,namecheap,,,25/08/2026 04:07
95438ca9-5805-4e2c-93ac-98e0afcd0ba3,hortense.country,available,2064.2,2064.2,medium,low,8,spaceship,,,02/10/2026 19:44
8d365e5c-d691-4437-84b7-3a99f6930c1f,cations.country,available,2060.25,2060.25,low,low,7,porkbun,,,28/09/2026 23:14
bf423c97-78b3-4c37-a97b-b082b936e301,middlesex.country,available,2298,2450,medium,low,9,namecheap,,,25/09/2026 13:32
a7fa69b2-138f-410f-9cce-85b5c8949b08,creaky.country,available,2298,2450,medium,low,6,namecheap,,,06/08/2026 22:59
84c60942-88c7-4438-ba44-8eddf21b321a,deported.country,available,2298,2450,low,low,8,namecheap,,,29/09/2026 16:30
48811aa7-91b1-4675-8bce-e58957f84544,seventies.country,available,2298,2450,high,low,9,namecheap,,,16/09/2026 12:13
6f6f0a5f-a6bd-4714-8b31-5644b1eb94eb,antitrade.country,available,2298,2450,medium,low,9,namecheap,,,19/09/2026 15:13
9d3b6983-cda0-4076-8bf0-fa600f734285,archduke.country,available,2298,2450,medium,low,8,namecheap,,,20/09/2026 01:54
2a0b3239-cfa3-4aa7-97c6-9c4ce853c93d,primeval.country,available,2298,2450,high,low,8,namecheap,,,09/09/2026 02:02
a92560d0-141c-4656-816b-6d4c83e7392a,haunt.country,available,2064.2,2064.2,high,low,5,spaceship,,,29/09/2026 07:08
85359c0d-6cb5-4669-a874-c383c30be908,definitive.country,available,2298,2450,high,low,10,namecheap,,,12/08/2026 09:45
4ef6d13b-b769-446c-902f-49abdca71fb6,vein.country,available,2064.2,2064.2,high,low,4,spaceship,,,30/09/2026 04:35
481e0044-9579-4bd6-9d41-92827b1d65ba,cxxv.country,available,2298,2450,medium,low,4,namecheap,,,
9132a362-1ef3-4b01-8172-91e2994bbeea,tnf.country,available,2140.22,2140.22,high,low,3,dynadot,,,02/10/2026 06:34
9f755945-c084-4cc8-ad0d-e1f7a8d7895a,bardeen.country,available,2298,2450,medium,low,7,namecheap,,,22/09/2026 05:16
b1e540c2-906f-4b66-b87b-581cb187ee7a,higher.country,available,2064.2,2064.2,high,low,6,spaceship,,,01/10/2026 02:01
8415bf14-3e6e-4786-8fed-7db1eb8e13a0,sinhalese.country,available,2298,2450,high,medium,9,namecheap,,,10/09/2026 08:23
e66d985f-4550-4b9e-a670-26480153a393,services.country,available,2064.2,2064.2,high,low,8,spaceship,,,30/09/2026 10:59
40fcf4cc-407c-4523-b426-98c9e92f1357,immoderate.country,available,2298,2450,medium,low,10,namecheap,,,21/08/2026 21:07
06283ca4-4060-4e91-af9c-c0b41e8ca672,azores.country,available,2298,2450,high,low,6,namecheap,,,17/09/2026 02:13
ac63f2a3-b6b7-4ae1-a145-3c2499030f80,skimpy.country,available,2298,2450,high,low,6,namecheap,,,10/09/2026 09:36
e727f7af-6370-497e-a770-c9a52f349169,rinpoche.country,available,2298,2450,medium,low,8,namecheap,,,01/10/2026 23:21
eb91c8a3-6ae6-4c94-bb10-209bf7e5d0ef,moby.country,available,2064.2,2064.2,medium,low,4,spaceship,,,30/09/2026 04:05
027f5af7-6015-4978-8d1b-534064356fa3,gabriella.country,available,2064.2,2064.2,medium,low,9,spaceship,,,02/10/2026 19:50
c0a354a5-6350-42be-958b-2356a7ba8506,nonpolar.country,available,2298,2450,medium,low,8,namecheap,,,03/09/2026 20:17
9137372f-8519-4f25-9136-f558cc4f7902,threaten.country,available,2298,2450,high,low,8,namecheap,,,27/09/2026 04:46
48725931-f36f-43d8-b168-e9ba3c554e5e,pellmell.country,available,2298,2450,medium,low,9,namecheap,,,21/08/2026 01:07
c4b35e94-0cec-4861-bada-524020d12767,bandanna.country,available,2298,2450,high,low,8,namecheap,,,22/09/2026 00:59
11bf2163-be4e-4dd7-aaa6-3198d1889435,struggling.country,available,2298,2450,medium,low,10,namecheap,,,10/09/2026 22:52
2b71f3cb-c21b-42e1-80bc-545f173139e6,kastler.country,available,2298,2450,medium,low,7,namecheap,,,18/09/2026 06:34
90768616-ae0b-4e04-9ff7-e6b544fff5c5,slowing.country,available,2064.2,2064.2,medium,low,7,spaceship,,,29/09/2026 06:36
af725c65-756d-4e24-a083-bc411f9704bd,englewood.country,available,2064.2,2064.2,high,low,9,spaceship,,,28/09/2026 16:54
34a9a16a-ad73-4209-8a72-6170f8aa1bf8,dtv.country,available,2140.22,2140.22,high,low,3,dynadot,,,03/10/2026 03:46
52a73617-c798-4336-b2aa-522b7bdc92ff,siege.country,available,2298,2450,high,low,5,namecheap,,,23/09/2026 04:50
a258b176-d166-4927-9e87-c65e59a1fcf6,unborn.country,available,2298,2450,high,low,6,namecheap,,,12/09/2026 02:23
c7a75a7b-c32f-4f0e-a485-012475e9a54a,giacometti.country,available,2298,2450,high,low,10,namecheap,,,18/09/2026 02:46
3735cbf1-2ae2-4948-bc0a-cf126bf0bc27,signatures.country,available,2064.2,2064.2,medium,low,10,spaceship,,,28/09/2026 23:59
e4906467-ee0f-4772-bafb-1ab54966c90c,isoclinic.country,available,2298,2450,medium,low,9,namecheap,,,22/08/2026 11:02
99b62adf-9db0-492b-802b-55cfc573ebe3,tobacco.country,available,2064.2,2064.2,medium,low,7,spaceship,,,29/09/2026 00:12
7ba0ce92-f3ec-4141-884e-81f336f81855,actias.country,available,2298,2450,medium,low,6,namecheap,,,17/09/2026 04:29
c09c95d8-f28f-43ee-b8f3-e0cf88177d38,debater.country,available,2298,2450,medium,low,7,namecheap,,,20/09/2026 04:45
73996c8a-c86c-4605-9e91-18dc495efae7,killed.country,available,2298,2450,medium,low,6,namecheap,,,17/09/2026 12:17
2e2fe956-b5f6-49ed-a7de-25b1db99212d,asphodel.country,available,2298,2450,medium,low,8,namecheap,,,20/09/2026 15:08
c6589ebb-77a6-4a3b-85c7-cfcc2755b524,thee.country,available,2064.2,2064.2,high,low,4,spaceship,,,30/09/2026 21:59
9334b55b-cad2-451d-9e24-9cf25beab7ea,freakish.country,available,2298,2450,high,low,8,namecheap,,,10/08/2026 09:56
17b86482-c908-4894-b3af-4eacf9e02d87,avery.country,available,2298,2450,high,low,5,namecheap,,,25/09/2026 15:31
2df140be-3697-4a65-81ff-b5d295faf669,function.country,available,2064.2,2064.2,high,low,8,spaceship,,,29/09/2026 20:12
61e2b19c-7b78-479e-8aee-d017e428f180,brimful.country,available,2298,2450,medium,low,7,namecheap,,,11/08/2026 04:08
3e41bdb0-9412-43c3-8954-06411fedb209,paranormal.country,available,2298,2450,high,low,10,namecheap,,,17/08/2026 19:25
0be631dc-1834-4779-926b-6119fda5b694,kantian.country,available,2298,2450,medium,low,7,namecheap,,,22/08/2026 15:06
20a3c4e6-d61c-4f27-af97-67df4f1a42c1,warning.country,available,2298,2450,high,low,7,namecheap,,,13/09/2026 08:25
cb3302c8-fb98-449c-bfef-2c8db74c2ef5,bharatiya.country,available,2140.22,2140.22,high,low,9,dynadot,,,02/10/2026 07:20
066aae58-4905-431c-be17-97205a22bfbb,harlem.country,available,2064.2,2064.2,high,low,6,spaceship,,,28/09/2026 10:00
3885ce8c-93d9-4651-a55e-d29413069fd4,rectum.country,available,2064.2,2064.2,high,low,6,spaceship,,,02/10/2026 16:33
1d258c1b-40ee-4173-bea1-bd6dfbff29a5,spoiled.country,available,2298,2450,medium,low,7,namecheap,,,10/09/2026 16:20
afd7eff5-300e-43ff-a208-606fbfadfe3a,bakelite.country,available,2298,2450,medium,low,8,namecheap,,,21/09/2026 20:15
3b417a72-7191-4e07-ad67-31ee05990fe5,astrometry.country,available,2298,2450,medium,low,10,namecheap,,,20/09/2026 17:53
1e221d51-7b1d-4889-95e2-98ac121d7610,needle.country,available,2064.2,2064.2,high,low,6,spaceship,,,28/09/2026 17:37
a5fb5aad-7618-4776-9a2a-5189d8d96095,pieces.country,available,2298,2450,medium,low,6,namecheap,,,17/09/2026 19:58
5f6bfa16-706a-4472-90be-eb43e13201dd,chesterton.country,available,2064.2,2064.2,medium,low,10,spaceship,,,30/09/2026 09:08
a982c58f-6d70-4a92-bb6f-4cca302d5216,fdr.country,available,2064.2,2064.2,high,low,3,spaceship,,,29/09/2026 18:52
191fd099-0431-4cca-a8b0-3ad1f4bb54ab,lxvii.country,available,2298,2450,medium,low,5,namecheap,,,
f5dbe0f2-8838-4aa8-9339-4c12af9e0d58,seedless.country,available,2298,2450,high,low,8,namecheap,,,10/09/2026 01:45
540e22b8-16af-4f7f-95bb-b5fb508189ec,nebulizer.country,available,2298,2450,high,low,9,namecheap,,,21/09/2026 00:21
59da3513-6414-4773-9bcd-3101cd856f3b,attracted.country,available,2499.99,3799.99,medium,low,9,name.com,,,26/09/2026 03:10
3aef5b8e-6c1e-4648-8651-cdbb7cdd5c21,chatham.country,available,2298,2450,high,low,7,namecheap,,,25/09/2026 15:25
07e567fd-2fd8-448e-a855-44ae05a75862,minimalist.country,available,2298,2450,high,low,10,namecheap,,,24/08/2026 23:51
f21c11ca-21e0-473c-ab4b-eb43988c3848,pomegranates.country,available,2298,2450,medium,low,12,namecheap,,,20/09/2026 01:42
2aafc42f-aff6-4f8e-b504-329208b926b3,lynchburg.country,available,2140.22,2140.22,high,low,9,dynadot,,,28/09/2026 14:48
98096c7f-af6a-4a0a-bb26-25d6eadc425f,advisory.country,available,2298,2450,high,low,8,namecheap,,,
2da2c95d-e34e-41c3-8ac8-1f7fcb03f64f,determination.country,available,2298,2450,high,low,13,namecheap,,,19/09/2026 18:25
b95b4a70-d93f-40a2-8854-d2ef54cacba2,outdoorsy.country,available,2298,2450,high,low,9,namecheap,,,04/09/2026 19:14
4ccc36ff-d669-4075-942d-accc48bf58c6,provincial.country,available,2298,2450,high,low,10,namecheap,,,11/08/2026 07:37
4cfbb56f-c74e-403d-8961-99d53fc2d8e1,benefactor.country,available,2298,2450,high,low,10,namecheap,,,23/09/2026 07:53
6e15fa94-f3a5-41f5-a580-f4c9a2cba240,bern.country,available,2064.2,2064.2,high,low,4,spaceship,,,29/09/2026 02:12
38278cf6-2981-4cec-8574-811016ba0e70,suction.country,available,2064.2,2064.2,high,low,7,spaceship,,,29/09/2026 14:01
1c79e137-4256-45ab-b9ed-d7991ff38e71,rushy.country,available,2298,2450,medium,low,5,namecheap,,,09/09/2026 20:04
746970fc-7b48-4308-b0c7-650e0aaaeb99,usual.country,available,2064.2,2064.2,high,low,5,spaceship,,,28/09/2026 10:03
02d89367-c7cd-4ad5-a839-48fa2f368320,defection.country,available,2499.99,3799.99,medium,low,9,name.com,,,19/09/2026 19:16
476575f1-432f-48a6-84a7-3d85187ad729,dedham.country,available,2064.2,2064.2,high,low,6,spaceship,,,29/09/2026 22:43
197ae491-1dda-4738-a149-f27965779a14,suffice.country,available,2140.22,2140.22,high,low,7,dynadot,,,01/10/2026 22:14
1e2e1c4c-7c0c-4a23-a605-7579cfa15927,falling.country,available,2298,2450,high,low,7,namecheap,,,14/08/2026 19:49
68c7088f-6655-4269-bd0e-908af7d35ece,unsavory.country,available,2298,2450,medium,low,8,namecheap,,,14/08/2026 13:05
9e63b416-c66a-4e68-a5ce-689048c387eb,beefburger.country,available,2298,2450,medium,low,10,namecheap,,,23/09/2026 01:04
183f0471-175f-4c03-bcfd-66378cb5dc8e,hooker.country,available,2298,2450,high,low,6,namecheap,,,25/09/2026 22:46
57c2f223-ecb4-461d-b2e5-932e0ae67bfa,airscrew.country,available,2298,2450,medium,low,8,namecheap,,,17/09/2026 23:17
5940c698-ad61-4c79-a6bb-28fa753825e0,lessing.country,available,2064.2,2064.2,medium,low,7,spaceship,,,30/09/2026 17:03
25e9ad4d-7200-4c27-a4da-ec19c25d14e9,adventive.country,available,2298,2450,medium,low,9,namecheap,,,
4c77bbd0-221b-466e-9c7e-3496da2292bd,conduction.country,available,2064.2,2064.2,high,low,10,spaceship,,,29/09/2026 10:47
687d6cbd-ce3b-400d-833b-e09e69718a02,histrionic.country,available,2298,2450,medium,low,10,namecheap,,,21/08/2026 09:57
d08888f3-3929-4692-a64e-2e433e17f0c4,eloise.country,available,2060.25,2060.25,high,low,6,porkbun,,,01/10/2026 08:50
2292aeab-ac7f-4c9b-ad42-62ea79fd3cb3,expansive.country,available,2298,2450,high,low,9,namecheap,,,17/08/2026 18:00
a97887c6-b2b2-4c69-b85f-b4a33cf28f99,irwin.country,available,2298,2450,medium,low,5,namecheap,,,25/09/2026 20:02
ad1e800e-a8c5-4879-9971-312f61747f30,mysteries.country,available,2064.2,2064.2,high,low,9,spaceship,,,28/09/2026 17:32
40ce0c98-27f2-4925-9187-a6037552704f,impious.country,available,2298,2450,medium,low,7,namecheap,,,21/08/2026 22:21
7f6ff3d8-03b4-4887-a9b1-6966e3311fcc,eerie.country,available,2298,2450,high,low,5,namecheap,,,15/08/2026 12:43
41cf3fd1-975b-4286-a11e-b882dc23bd6d,painless.country,available,2298,2450,high,low,8,namecheap,,,04/09/2026 23:04
3080db39-ccbb-452b-9432-95bc2ac9a47a,asking.country,available,2298,2450,high,low,6,namecheap,,,28/09/2026 22:40
d2683031-ac26-4fcc-8a4a-dabbd0206dbe,ascendent.country,available,2298,2450,medium,low,9,namecheap,,,
6d0a1be1-10c6-44ee-a9d7-b44f5898860a,keno.country,available,2298,2450,high,low,4,namecheap,,,22/09/2026 20:42
593973e8-0c70-4b4d-9947-2f4e574740bd,belongings.country,available,2298,2450,high,low,10,namecheap,,,23/09/2026 06:56
5a491fce-4d7c-477e-92e7-bf4d4d227dda,colourless.country,available,2298,2450,medium,low,10,namecheap,,,12/08/2026 17:55
93ade92b-f4b4-48a2-8534-63a122637745,streaming.country,available,2064.2,2064.2,high,low,9,spaceship,,,01/10/2026 03:24
eee8ed4a-568f-4e3e-b464-f2d6537dd556,quotation.country,available,2064.2,2064.2,high,low,9,spaceship,,,01/10/2026 01:28
abda08c6-f3df-4565-837a-bc606fcc28b1,arugula.country,available,2298,2450,high,low,7,namecheap,,,20/09/2026 12:10
057e3846-31f7-4315-8caa-dbe9091be13b,achievement.country,available,2298,2450,high,low,11,namecheap,,,28/09/2026 08:12
ea8a6113-16d9-49f9-9a3b-ab552cf18b08,atenolol.country,available,2298,2450,medium,low,8,namecheap,,,20/09/2026 20:09
73cde045-32f1-4fe0-a3b8-f60037defa74,thiamin.country,available,2298,2450,medium,low,7,namecheap,,,19/09/2026 05:39
68b93cca-85c9-40ab-8f17-3a2c45f33b6a,efferent.country,available,2298,2450,medium,low,8,namecheap,,,15/08/2026 14:22
d81d3ebe-af0e-4f9b-bb5c-f877c3817a66,herpes.country,available,2140.22,2140.22,high,low,6,dynadot,,,30/09/2026 17:37
c23a6655-aad0-4cd8-8c00-e3cfd1c5b195,stoutness.country,available,2298,2450,medium,low,9,namecheap,,,04/09/2026 22:03
e1339881-6b5a-4940-b066-d86c464ece4d,danzig.country,available,2060.25,2060.25,medium,low,6,porkbun,,,28/09/2026 09:29
eb184a08-fb8c-4078-8b3c-b65a841e602a,brightness.country,available,2298,2450,high,low,10,namecheap,,,29/09/2026 04:19
36433d50-1f25-46a4-85c7-fd7c52f90bcc,taxman.country,available,2298,2450,high,low,6,namecheap,,,24/09/2026 16:18
d01b3370-4a88-4224-8118-d46ff56af7b1,evidently.country,available,2298,2450,high,low,9,namecheap,,,08/09/2026 20:21
7dd4921e-1153-47f4-b6c2-a2dcb8caab85,quill.country,available,2298,2450,high,low,5,namecheap,,,29/09/2026 18:54
12476996-52a4-46c7-a48b-1501e4f9c1ea,flair.country,available,2140.22,2140.22,high,low,5,dynadot,,,30/09/2026 01:15
da2e364f-619a-4238-86ae-6a0dc2fd91af,examining.country,available,2064.2,2064.2,high,low,9,spaceship,,,29/09/2026 08:41
cd2adb94-9b89-4429-a5c7-0e032d3780e1,genitals.country,available,2140.22,2140.22,high,low,8,dynadot,,,01/10/2026 19:44
6f300f85-8253-4e44-a440-56bc725afe3b,lorain.country,available,2064.2,2064.2,high,low,6,spaceship,,,30/09/2026 21:46
070babd7-3940-4c23-a00a-ed17e27ad9c8,simplify.country,available,2298,2450,high,low,8,namecheap,,,30/09/2026 21:28
9409fde0-2af2-4826-8ec9-f24b196f4f0f,macaroni.country,available,2298,2450,high,low,8,namecheap,,,01/10/2026 02:55
8978321b-93eb-4424-8f22-c8b5c3921003,unschooled.country,available,2298,2450,medium,low,10,namecheap,,,12/09/2026 18:54
ca1c64c9-882e-498e-8268-f2af8cee123c,nephews.country,available,2064.2,2064.2,medium,low,7,spaceship,,,02/10/2026 03:22
aea38e99-4c46-40ba-a648-ba8d560ae90a,cutthroat.country,available,2298,2450,high,medium,9,namecheap,,,10/08/2026 23:02
b25b8881-d028-4c52-9084-1dcdef976903,aspinwall.country,available,2499.99,3799.99,medium,low,9,name.com,,,20/09/2026 15:18
b8f17428-c5f1-482a-ad4a-63534ae76ea0,hms.country,available,2064.2,2064.2,medium,low,3,spaceship,,,28/09/2026 12:51
98308e24-3726-4581-8957-0f515e7b458d,tensile.country,available,2298,2450,medium,low,7,namecheap,,,11/09/2026 11:30
7fbda2ae-2c62-4f21-898f-d0d09db7e8fc,batrachian.country,available,2298,2450,medium,low,10,namecheap,,,05/08/2026 20:53
c5d14e1c-ada2-45cd-af22-1aae1449fc20,interrogation.country,available,2060.25,2060.25,medium,low,13,porkbun,,,28/09/2026 08:22
a1c3785d-bf02-47bd-82cc-704078256a66,cyanide.country,available,2064.2,2064.2,medium,low,7,spaceship,,,30/09/2026 09:19
a8ed2bc8-0461-448f-8e7e-940f9ab83049,marblewood.country,available,2298,2450,medium,low,10,namecheap,,,19/09/2026 03:58
14fa6652-ec75-405a-a109-7166f6724111,atelier.country,available,2298,2450,high,medium,7,namecheap,,,20/09/2026 11:53
593ef3a9-1f81-43d1-98c4-bb64df1d718b,stride.country,available,2064.2,2064.2,high,low,6,spaceship,,,29/09/2026 08:09
9bad6568-3241-4648-a8a9-9dc6b4c01e1e,empowering.country,available,2064.2,2064.2,high,low,10,spaceship,,,02/10/2026 01:02
a25ed7ea-43d6-4fdf-be84-98ee429b452f,pursuit.country,available,2298,2450,high,low,7,namecheap,,,21/09/2026 09:41
8e6b0acd-9675-4a30-b2d9-3822326c6aa7,adrift.country,available,2298,2450,medium,low,6,namecheap,,,
a3d55bf0-bb34-4f6a-934f-fa1386e71c47,mulish.country,available,2298,2450,low,low,6,namecheap,,,21/08/2026 00:45
e8181629-5437-435c-9a14-387a16d3bef4,skinner.country,available,2298,2450,high,low,7,namecheap,,,21/09/2026 11:52
f37214d3-b437-42db-97c7-387ef5b9904f,memorise.country,available,2298,2450,high,low,8,namecheap,,,30/09/2026 20:33
59f36a90-b195-40fc-bdf0-c64a65ed04ae,smokeless.country,available,2298,2450,high,low,9,namecheap,,,10/09/2026 11:57
af27e731-5272-412f-b4b6-13dbaba585f1,avalanche.country,available,2298,2450,high,low,9,namecheap,,,21/09/2026 08:38
0ad657c1-057b-43ef-8b57-29bacf37a826,start.country,available,2298,2450,high,medium,5,namecheap,,,27/09/2026 04:39
3c74c5bd-5063-451d-b7be-6b3a5d718913,dorian.country,available,2298,2450,high,low,6,namecheap,,,14/08/2026 16:11
abd1ba57-7a9c-4111-b944-2773c69dc330,records.country,available,2064.2,2064.2,high,low,7,spaceship,,,02/10/2026 21:06
a575e720-30e6-46fb-b8db-7ed36d06f988,philosophy.country,available,2064.2,2064.2,high,low,10,spaceship,,,27/09/2026 13:03
d204618c-8d79-488b-a321-d56e7fcb6de9,lille.country,available,2140.22,2140.22,high,low,5,dynadot,,,28/09/2026 06:10
fa9ba9a1-fb28-44b5-97a8-c16c53fb630d,dietrich.country,available,2298,2450,high,low,8,namecheap,,,27/09/2026 03:44
bd884ab1-c409-4c3d-a3d8-406de52fe2a7,meghan.country,available,2140.22,2140.22,medium,low,6,dynadot,,,02/10/2026 08:51
2da438ec-aeb3-448c-adf5-878a4a85b669,desperation.country,available,2064.2,2064.2,medium,low,11,spaceship,,,29/09/2026 15:57
ccd40849-7ccc-46f0-aff7-b553af871b2b,ist.country,available,2060.25,2060.25,high,low,3,porkbun,,,01/10/2026 22:27
2535f912-d483-4bb9-9817-d0e7695ef31d,arran.country,available,2064.2,2064.2,high,low,5,spaceship,,,01/10/2026 23:18
07d7b96a-a667-461a-9473-49dd21924a2c,incurious.country,available,2298,2450,medium,low,9,namecheap,,,22/08/2026 02:08
62ed3809-feeb-4ab3-bb8e-ffb0714299ae,temperament.country,available,2064.2,2064.2,high,low,11,spaceship,,,30/09/2026 22:37
59b0d6d2-42a4-4248-b74f-699526fd4345,theme.country,available,2298,2450,high,low,5,namecheap,,,28/09/2026 01:44
e2edfe10-4da2-4028-9fa3-5da68c5da545,unbelievably.country,available,2060.25,2060.25,medium,low,12,porkbun,,,03/10/2026 03:28
7785e304-3d77-4aa6-9b78-4099e40a9d07,alchemist.country,available,2298,2450,high,low,9,namecheap,,,18/09/2026 03:58
f2cff35c-8b55-4899-9098-6bb5b0d02b31,schizophrenic.country,available,2064.2,2064.2,medium,low,13,spaceship,,,30/09/2026 12:09
c4f30db8-8fec-4808-a5c6-259f33d4f9ce,lagoon.country,available,2064.2,2064.2,high,low,6,spaceship,,,29/09/2026 07:27
914b613b-a005-4c47-abc4-51ac35027721,recapture.country,available,2064.2,2064.2,high,low,9,spaceship,,,30/09/2026 10:57
3ed828fb-1ac0-4a44-85c9-66ecc633fbe8,impossibility.country,available,2064.2,2064.2,medium,low,13,spaceship,,,30/09/2026 23:16
5f3b67e1-2c8b-48dc-9b1e-1daefbac3447,sidereal.country,available,2298,2450,high,medium,8,namecheap,,,10/09/2026 07:46
c879b9e4-ab1e-4ddb-9785-ea86b508a61e,mashhad.country,available,2298,2450,medium,low,7,namecheap,,,24/08/2026 20:59
1fa3b633-e2bc-4a77-91fd-f7c30c3c42ea,predominantly.country,available,2064.2,2064.2,medium,low,13,spaceship,,,01/10/2026 05:46
7407144e-b2d8-48df-806c-c3d59ad0ff78,artery.country,available,2298,2450,high,low,6,namecheap,,,20/09/2026 10:30
27c3a607-400f-463f-862a-966b0a9c5ce6,asleep.country,available,2298,2450,high,low,6,namecheap,,,22/09/2026 09:45
8d468745-99f3-49e1-b719-c5c825ec8b03,improvised.country,available,2298,2450,high,low,10,namecheap,,,21/08/2026 23:19
8d1acdd5-f941-4036-8600-96621d710cdd,bagatelle.country,available,2298,2450,medium,low,9,namecheap,,,21/09/2026 17:53
1e175157-56a1-47b4-a5a5-1dbc9ad7a8e6,bathhouse.country,available,2298,2450,high,low,9,namecheap,,,22/09/2026 13:35
84b5154a-3ec8-4f52-933b-076d4d0595e5,cordate.country,available,2298,2450,high,low,7,namecheap,,,13/08/2026 00:50
bfc290cf-20d4-4fdf-b65e-db3e11e3a3d8,annon.country,available,2298,2450,medium,low,5,namecheap,,,19/09/2026 10:29
760829ab-cefd-4457-ba80-63145a349bb8,exhusband.country,available,2298,2450,medium,low,10,namecheap,,,17/08/2026 15:21
03c1ee64-8d52-421d-8462-37f04bafbdf7,levin.country,available,2064.2,2064.2,high,low,5,spaceship,,,01/10/2026 15:17
9fb82efb-99ac-4bf4-8c36-e0e63dd5125b,pepperidge.country,available,2298,2450,medium,low,10,namecheap,,,24/09/2026 00:49
8add15ac-ab78-4552-bdcf-d52424151bb6,insistent.country,available,2298,2450,medium,low,9,namecheap,,,13/08/2026 09:33
87c6dc7c-ceca-4d78-957e-057e580ffbab,minkowski.country,available,2064.2,2064.2,medium,low,9,spaceship,,,02/10/2026 15:41
6b9f6e04-938e-40ce-a755-d9f8b1fea201,cornish.country,available,2298,2450,high,low,7,namecheap,,,13/08/2026 01:42
994c92ed-720b-42cd-9334-743e19d8df7e,arbovirus.country,available,2298,2450,medium,low,9,namecheap,,,20/09/2026 00:52
f56d6bff-4586-4c1a-975d-6ca15cd1a2f6,emden.country,available,2064.2,2064.2,high,low,5,spaceship,,,03/10/2026 03:41
758f6e37-7439-4d32-a7ef-5df0aa0039d9,ecuadorian.country,available,2298,2450,high,low,10,namecheap,,,15/08/2026 01:38
4e31b186-b8bf-49a6-9901-4a11679b1752,bicorn.country,available,2298,2450,medium,low,6,namecheap,,,09/08/2026 19:30
92622249-e421-4bd1-96db-e52e63f1ec45,orangish.country,available,2298,2450,medium,low,8,namecheap,,,04/09/2026 17:26
7d8c6fba-f58a-47b8-8306-dc016db68285,turnip.country,available,2298,2450,high,low,6,namecheap,,,02/10/2026 04:09
377159bb-d9ee-4bce-9936-7b92b27ddaa2,relocations.country,available,2298,2450,medium,low,11,namecheap,,,21/09/2026 08:41
86d7d15e-64a7-4bd6-94c4-2d3aa51042ce,downpour.country,available,2298,2450,high,low,8,namecheap,,,24/09/2026 16:02
458ee667-6fe0-47aa-ab2b-1b8d2e27642e,prox.country,available,2298,2450,medium,low,4,namecheap,,,09/09/2026 04:42
46b5791f-585c-459f-ac56-bbe8caaa6788,dahomey.country,available,2298,2450,high,low,7,namecheap,,,23/09/2026 08:10
ae6995d3-b082-4a80-98e7-ae3e4f6d193f,fastidious.country,available,2298,2450,medium,low,10,namecheap,,,17/08/2026 15:30
f441bdad-b20b-4b31-80d7-bac1544741d5,writing.country,available,2298,2450,high,low,7,namecheap,,,28/09/2026 23:21
3bbe6587-914f-427b-b571-07d39b0407c9,thermostat.country,available,2064.2,2064.2,high,low,10,spaceship,,,03/10/2026 02:14
715f858b-4652-4d6b-82af-68c74c1da72f,cxl.country,available,2298,2450,high,low,3,namecheap,,,
a9d5226f-7cd3-485a-8a8f-b91dfffa0dd2,wayne.country,available,2298,2450,high,low,5,namecheap,,,19/09/2026 13:47
9a4d4013-ae33-4c95-8c35-81d3fa6ed900,assurances.country,available,2060.25,2060.25,medium,low,10,porkbun,,,02/10/2026 22:12
56c79a8e-1e57-4f1f-bff3-567595383033,tsang.country,available,2064.2,2064.2,high,low,5,spaceship,,,01/10/2026 16:26
fbc71659-0f3d-4fcd-a1df-2c9a63d9e031,maas.country,available,2064.2,2064.2,high,low,4,spaceship,,,29/09/2026 21:54
c8974fb0-7f70-4735-89b0-c45085848adc,bagger.country,available,2298,2450,medium,low,6,namecheap,,,21/09/2026 18:02
50f312ab-cd61-4088-9f24-8dcb3b503e62,tulip.country,available,2064.2,2064.2,high,low,5,spaceship,,,30/09/2026 19:03
c5158b23-9353-4e1c-a247-4b3e1f748532,main.country,available,2298,2450,high,low,4,namecheap,,,23/09/2026 09:34
9ab348d6-da7d-4818-91da-348ba7ec8282,brummell.country,available,2298,2450,medium,low,8,namecheap,,,22/09/2026 22:01
a62429c8-c7e0-46c4-b8ba-49b5ded15523,entranced.country,available,2298,2450,medium,low,9,namecheap,,,09/08/2026 10:11
2b2d5f59-40e0-469a-bb08-e4ab574fc7c2,lui.country,available,2064.2,2064.2,medium,low,3,spaceship,,,29/09/2026 15:19
f5abf8ca-cd41-4bcc-964b-f0960fa624f7,ragweed.country,available,2298,2450,medium,low,7,namecheap,,,23/09/2026 08:50
0a78c1f9-f5b6-487d-8fe2-2b29c86dacdf,versatile.country,available,2298,2450,high,low,9,namecheap,,,13/09/2026 04:27
1898dc30-f3dd-49a6-ad09-06b8d759cb7c,garden.country,available,2060.25,2060.25,high,low,6,porkbun,,,02/10/2026 11:30
430c74b2-4903-41ae-8e00-c0ef7f9535ff,onions.country,available,2064.2,2064.2,high,low,6,spaceship,,,02/10/2026 09:51
5ef472e3-d6e6-4ad4-a280-468fb87173c6,albright.country,available,2140.22,2140.22,medium,low,8,dynadot,,,28/09/2026 12:24
d78576bc-521e-403e-907d-2f49a5de1857,sounds.country,available,2298,2450,high,low,6,namecheap,,,25/09/2026 17:10
33eb782a-8da7-4174-bf0c-03f286d1fe2e,quelled.country,available,2298,2450,medium,low,7,namecheap,,,09/09/2026 08:24
6290cae7-20f8-4542-b421-cff11678e1a1,personality.country,available,2298,2450,high,low,11,namecheap,,,25/09/2026 16:45
f1ace801-efbc-4d73-9cda-f09035fdc200,alleged.country,available,2298,2450,high,low,7,namecheap,,,22/09/2026 01:19
5561eda0-91bb-4963-931f-efbdf0d53cad,tuesday.country,available,2298,2450,high,low,7,namecheap,,,30/09/2026 14:02
b0cb1688-da49-420d-8970-cefdbb8bc10e,brook.country,available,2064.2,2064.2,high,low,5,spaceship,,,29/09/2026 04:32
690bb30d-fda9-4cdf-b55b-a46854e3897d,minimalism.country,available,2064.2,2064.2,high,low,10,spaceship,,,03/10/2026 01:37
1e3224cc-013e-4116-ab88-96fac863fbab,audibly.country,available,2298,2450,medium,low,7,namecheap,,,13/09/2026 22:44
ff944dbd-389f-4ad9-a598-6c52c6ba0bef,azonic.country,available,2298,2450,medium,low,6,namecheap,,,08/08/2026 02:32
48aaf367-156b-44f4-bd77-2e6990572648,seemly.country,available,2298,2450,medium,low,6,namecheap,,,09/08/2026 06:27
d02fb06e-a683-4f24-88ea-a42c493d8460,waybill.country,available,2298,2450,medium,low,7,namecheap,,,23/09/2026 16:05
ffa0428f-ea83-433b-862f-f1cb6c090e6b,constituted.country,available,2060.25,2060.25,medium,low,11,porkbun,,,02/10/2026 22:01
6a0e6779-5787-4680-abcb-5d0bf861bb85,ague.country,available,2298,2450,medium,low,4,namecheap,,,
e38a3636-8c7d-48fe-9850-b24a3a5478fa,antilles.country,available,2298,2450,high,low,8,namecheap,,,19/09/2026 14:37
d4970331-4cfd-4248-ab51-442d3cbdbecb,piddle.country,available,2298,2450,medium,low,6,namecheap,,,13/09/2026 08:06
9e739d97-3b08-4f9b-a139-90f7e48a6b66,abeyant.country,available,2298,2450,medium,low,7,namecheap,,,
bd7c9f7b-ac47-4a2d-8fe5-133c0904cf47,bulldozer.country,available,2060.25,2060.25,high,low,9,porkbun,,,01/10/2026 18:51
db5d1e77-d374-4fa1-af9c-6ec088a550e8,priest.country,available,2298,2450,high,low,6,namecheap,,,27/09/2026 04:53
052cf97a-fe45-4560-a984-230569d42e8c,unripe.country,available,2298,2450,medium,low,6,namecheap,,,12/09/2026 18:30
8520bbcc-d074-4e4e-ab90-33a62c29bb32,preparing.country,available,2298,2450,high,low,9,namecheap,,,27/09/2026 06:40
05add36a-b983-4720-a629-2d5dc9ac93d0,mothy.country,available,2298,2450,low,low,5,namecheap,,,25/08/2026 07:14
3664a3f0-1917-4602-8acf-356a3f8b2393,seams.country,available,2064.2,2064.2,medium,low,5,spaceship,,,02/10/2026 03:30
db23bd6b-9911-42b4-bdfc-268fe000f8b8,ethanol.country,available,2140.22,2140.22,medium,low,7,dynadot,,,02/10/2026 04:44
9cbe6649-b617-4e6e-aab9-7387feb02c95,ataraxic.country,available,2298,2450,low,low,8,namecheap,,,07/08/2026 12:49
b66752a0-8705-4ca5-8c0b-162ab6c04891,abuja.country,available,2499.99,3799.99,high,low,5,name.com,,,16/09/2026 18:50
57ed8fab-782a-4bfc-be97-04c284ec69bc,agitating.country,available,2298,2450,medium,low,9,namecheap,,,
73c245ef-2e2d-4bc9-ba81-a8a89d07cb70,cancelled.country,available,2298,2450,high,low,9,namecheap,,,11/08/2026 16:25
ba359c39-e973-4369-9a6c-49b171986e31,resonant.country,available,2298,2450,high,low,8,namecheap,,,17/08/2026 15:19
b0223096-e46f-4032-a605-2ad340cd0910,accelerating.country,available,2064.2,2064.2,high,low,12,spaceship,,,01/10/2026 05:05
7179bccf-b60d-47f2-882c-22ce86eb7d69,nights.country,available,2298,2450,high,low,6,namecheap,,,17/09/2026 22:10
c0aed91d-37ca-475c-8ea4-a75eb415a12b,sse.country,available,2298,2450,high,low,3,namecheap,,,16/09/2026 05:18
e1baea40-52c1-4d26-a4c6-6143762353e7,quartermaster.country,available,2140.22,2140.22,medium,low,13,dynadot,,,03/10/2026 02:38
eda77bde-173e-4bd0-bfb8-2ac9ba8e1860,ferment.country,available,2298,2450,high,medium,7,namecheap,,,10/09/2026 14:45
2794016a-5173-419d-9395-cbb7423a8995,toothy.country,available,2298,2450,medium,low,6,namecheap,,,11/09/2026 17:20
a3a7d21b-5681-46cd-8c5d-18399ca99139,digest.country,available,2298,2450,high,low,6,namecheap,,,24/09/2026 10:44
d535a443-8e0b-4f74-b75d-bf77b70168e3,workers.country,available,2450,,high,low,7,namecheap,,,
bb9663c1-42cd-4f64-be1d-dc62f4720098,diaper.country,available,2298,2450,high,low,6,namecheap,,,03/09/2026 13:09
f9c70026-5da6-42c7-97ce-b7815d7da048,curium.country,available,2298,2450,medium,low,6,namecheap,,,21/09/2026 00:13
3c07adfe-7761-4744-ab60-1af9e8e187fe,massive.country,available,2298,2450,high,low,7,namecheap,,,25/09/2026 17:08
5ccf9cb3-009d-43e7-9d85-d6e9580137da,harvard.country,available,2298,2450,high,medium,7,namecheap,,,19/09/2026 06:08
82e81584-8a4c-4029-98f6-7da4b04c7bf4,cabell.country,available,2064.2,2064.2,medium,low,6,spaceship,,,30/09/2026 08:52
f4ca622a-d337-43bb-bf9a-87071c90fa10,torpedoes.country,available,2140.22,2140.22,low,low,9,dynadot,,,29/09/2026 11:10
ae5bd401-ed06-4d16-ba8e-72933073419a,freezing.country,available,2499.99,3799.99,high,low,8,name.com,,,25/09/2026 06:10
28823cd3-35aa-45e2-8586-4523591232e6,piffle.country,available,2298,2450,medium,low,6,namecheap,,,21/09/2026 21:41
5568891e-6784-4378-9bae-06bf99a00698,napa.country,available,2060.25,2060.25,high,low,4,porkbun,,,01/10/2026 18:48
5fcb946b-d3f6-4d08-ada7-bbb1957e3be7,indica.country,available,2064.2,2064.2,high,low,6,spaceship,,,30/09/2026 12:26
aaf752a0-cca5-4f0d-9b79-ee7fd48fda92,researchers.country,available,2499.99,3799.99,medium,low,11,name.com,,,18/09/2026 17:37
26e80f79-699b-4c8b-a369-4a37dedbcdc5,boron.country,available,2298,2450,medium,low,5,namecheap,,,20/09/2026 23:12
4c254050-f5e5-42f6-af15-2333f1aa0044,liberation.country,available,2298,2450,high,low,10,namecheap,,,28/09/2026 14:14
d6fd51fb-abc0-474c-8728-6fdf5cad7a02,hades.country,available,2298,2450,high,low,5,namecheap,,,17/09/2026 20:48
232bd859-61f6-4554-9413-6669b822c87d,corpses.country,available,2298,2450,low,low,7,namecheap,,,28/09/2026 23:15
840bcbda-55ea-4492-8ef7-7876bc143c02,matches.country,available,2298,2450,high,low,7,namecheap,,,18/09/2026 17:25
86fb15e5-b713-49ad-8b17-766908c166b8,lamps.country,available,2064.2,2064.2,medium,low,5,spaceship,,,29/09/2026 11:04
027277f9-eb06-477a-96ae-9973c3dd3437,grade.country,available,2298,2450,high,low,5,namecheap,,,23/08/2026 00:34
fd35cd8a-99e5-4d9b-8f53-0dbaefb5e50e,missoula.country,available,2140.22,2140.22,medium,low,8,dynadot,,,29/09/2026 01:41
484e09bc-ed9f-4389-8b5a-3855315ce28d,hunker.country,available,2298,2450,medium,low,6,namecheap,,,10/09/2026 17:39
5fa01e9b-ff47-4fdd-bb63-64fbc5e76ed9,shasta.country,available,2298,2450,high,low,6,namecheap,,,28/09/2026 14:55
4f825ade-07bd-4609-8e89-100e7187dcd3,dissolve.country,available,2064.2,2064.2,high,low,8,spaceship,,,29/09/2026 16:16
f32476fc-12b7-48c5-8345-af31055ad89c,sere.country,available,2298,2450,medium,low,4,namecheap,,,14/08/2026 19:03
89dda74c-fc58-46a5-84b2-880a26e0cf63,alluvium.country,available,2499.99,3799.99,medium,low,8,name.com,,,18/09/2026 12:20
c45e9995-77ab-444c-bd7d-9e02e22ed4b1,corky.country,available,2298,2450,high,low,5,namecheap,,,13/08/2026 01:23
8e1dc67b-aae5-4948-a2c2-7c459ca7f087,pittsburgh.country,available,2298,2450,high,low,10,namecheap,,,30/09/2026 06:55
ccf29ed2-1327-42b0-9b84-3685b7ddd0ca,polish.country,available,2298,2450,high,low,6,namecheap,,,27/09/2026 04:22
57e1cc30-00d0-4431-a9ec-87988bd2a982,curie.country,available,2298,2450,high,low,5,namecheap,,,12/08/2026 08:00
7939a09e-d02f-4689-ba03-18873d7e5795,ecm.country,available,2140.22,2140.22,high,low,3,dynadot,,,29/09/2026 06:42
ae82c08b-0a93-4bfb-9245-f063a9b5c747,misgiving.country,available,2298,2450,medium,low,9,namecheap,,,24/09/2026 23:11
eacea2d7-b15b-4fc6-b4ca-780099f2f4bf,manuals.country,available,2298,2450,medium,low,7,namecheap,,,20/09/2026 09:33
8b75dbb0-5af0-4d8f-92c3-819b520d498e,plumed.country,available,2298,2450,medium,low,6,namecheap,,,08/09/2026 21:36
c4b6db9b-08fb-44c5-ae62-15c291757e60,ratios.country,available,2298,2450,medium,low,6,namecheap,,,20/09/2026 23:23
52ac197e-a1da-40e6-8178-b56ca6a5c7cc,eastbound.country,available,2298,2450,high,low,9,namecheap,,,14/08/2026 22:50
17dd1015-2310-417b-aa8c-6eb543c63706,tuppeny.country,available,2298,2450,medium,low,7,namecheap,,,10/09/2026 09:12
bd5f1a1a-5935-4166-ac12-dfd3062e9fca,reassuring.country,available,2298,2450,high,low,10,namecheap,,,09/09/2026 11:14
33144614-c77c-4fda-94d6-ceee440c685d,clastic.country,available,2298,2450,high,low,7,namecheap,,,12/08/2026 09:56
a676e4e7-03d4-44cd-922c-80c60fafa432,seizure.country,available,2140.22,2140.22,medium,low,7,dynadot,,,29/09/2026 00:20
21453351-709f-4086-8856-af6a0df184ba,scandium.country,available,2298,2450,medium,low,8,namecheap,,,20/09/2026 22:34
c7c9601b-72ee-4d72-add9-3311175f4f5b,nodular.country,available,2298,2450,medium,low,7,namecheap,,,03/09/2026 18:06
89cb6420-9552-4a0a-823e-f425e90659e9,horatio.country,available,2140.22,2140.22,medium,low,7,dynadot,,,28/09/2026 00:17
ccffdfcd-f5fb-4eec-a5f3-5ae77a05b4f3,shepherd.country,available,2064.2,2064.2,high,low,8,spaceship,,,28/09/2026 03:05
5450bb22-3903-44a9-bfa0-daaddac24094,demanding.country,available,2298,2450,medium,low,9,namecheap,,,14/08/2026 01:06
35293e1b-c7bc-4f29-84e1-ea94839ab3de,temperate.country,available,2298,2450,high,low,9,namecheap,,,11/09/2026 10:48
ac7889d1-da2f-4b87-95c6-413cd15fddb8,apocope.country,available,2298,2450,medium,low,7,namecheap,,,19/09/2026 18:11
7cc4d4a4-1cd0-4d02-863b-9c9871a2c2f4,prakritic.country,available,2298,2450,high,medium,9,namecheap,,,09/09/2026 01:03
1e371902-8d5b-49f1-b897-6628cec213b0,logistical.country,available,2298,2450,medium,low,10,namecheap,,,24/08/2026 08:54
321c49ec-b438-4952-9755-ef56b7fa1329,lyon.country,available,2064.2,2064.2,high,low,4,spaceship,,,01/10/2026 20:25
58b79eb2-899d-4dac-abc6-3f05533bb38a,channels.country,available,2140.22,2140.22,high,low,8,dynadot,,,29/09/2026 08:04
0c00f6bf-69dc-44a1-acd5-1cd194066a9a,workmanship.country,available,2298,2450,high,low,11,namecheap,,,16/09/2026 08:15
254fbd6f-f4f3-45f9-b49e-3654931332f3,avesta.country,available,2298,2450,medium,low,6,namecheap,,,21/09/2026 09:22
fdacea9e-5b27-4d66-9309-95004bfa2980,invent.country,available,2064.2,2064.2,high,low,6,spaceship,,,29/09/2026 14:43
362932b5-f037-4b62-aad0-df73e30aa775,imprint.country,available,2140.22,2140.22,high,low,7,dynadot,,,29/09/2026 18:45
6527be20-7011-413e-94d6-6254770277ab,amadeus.country,available,2064.2,2064.2,high,medium,7,spaceship,,,29/09/2026 22:12
eb164a89-a661-4314-8274-7797276018ec,confuse.country,available,2064.2,2064.2,high,low,7,spaceship,,,30/09/2026 15:38
40966960-ca44-4a5c-805b-572c7a9eb8d6,endocrine.country,available,2298,2450,medium,low,9,namecheap,,,17/08/2026 01:00
fd323657-3a61-42e2-8591-709e902a0d6b,chases.country,available,2298,2450,low,low,6,namecheap,,,02/10/2026 22:52
652e2254-3b1e-4aa2-9c6b-7fb50bd856e7,lovers.country,available,2298,2450,high,low,6,namecheap,,,27/09/2026 02:55
67479817-2874-4b12-890e-0cd61a120541,rowe.country,available,2298,2450,high,low,4,namecheap,,,25/09/2026 16:05
912daa7a-bc28-4b54-9a63-02236b80e018,hazardous.country,available,2298,2450,medium,low,9,namecheap,,,21/08/2026 01:42
2e7b4c1d-52c7-49c2-a355-894a856fd6a9,motivational.country,available,2298,2450,high,low,12,namecheap,,,30/09/2026 12:17
f037f3cc-b5dd-4849-a5a9-66ff0340f0ad,horrified.country,available,2298,2450,medium,low,9,namecheap,,,21/08/2026 14:14
362a034b-e4a4-4f87-b171-e09511ba3b88,solitaire.country,available,2060.25,2060.25,high,low,9,porkbun,,,03/10/2026 01:46
78ad2ac2-de65-47df-8c73-36e264fd292c,humanity.country,available,2140.22,2140.22,high,low,8,dynadot,,,29/09/2026 23:20
8e70ae78-71fa-4f50-b769-04eaf271fcac,skeletal.country,available,2298,2450,high,low,8,namecheap,,,10/08/2026 19:00
8f5e82a8-a95d-41c2-ae92-32821927aaa6,unplayable.country,available,2298,2450,medium,low,10,namecheap,,,12/09/2026 16:54
ebf24ac9-085c-4684-8baa-165b191900c5,measurements.country,available,2064.2,2064.2,medium,low,12,spaceship,,,29/09/2026 11:24
9b0f1f26-2472-46a1-aaa6-e8af4e3c12d9,gallon.country,available,2140.22,2140.22,high,low,6,dynadot,,,29/09/2026 10:57
5e53e2d6-3751-4038-9d95-6b6127cf65e4,colson.country,available,2298,2450,medium,low,6,namecheap,,,02/10/2026 09:44
4559d264-85b8-4c29-aa1f-45fc5d111c7f,gratification.country,available,2064.2,2064.2,medium,low,13,spaceship,,,02/10/2026 01:26
7e7abcf8-61f0-4d56-87fd-5e6f68d78a43,bronte.country,available,2298,2450,medium,low,6,namecheap,,,19/09/2026 10:16
8b972d2c-de3b-4a47-bc8b-bd6085277b66,inactive.country,available,2298,2450,medium,low,8,namecheap,,,22/08/2026 00:11
262bbee3-d0fd-41d8-ae9e-7170c9d5aa91,teaser.country,available,2298,2450,high,low,6,namecheap,,,19/09/2026 10:50
0a271c00-2d27-4ca1-a31b-84699a5fa09d,conscious.country,available,2298,2450,high,low,9,namecheap,,,23/09/2026 20:38
8e2399db-a7ed-41a9-b5be-f280f2948467,cove.country,available,2499.99,3799.99,high,low,4,name.com,,,24/09/2026 18:51
1e4d27f5-4708-4833-a349-a08bc52e59b1,racer.country,available,2298,2450,high,low,5,namecheap,,,21/09/2026 07:11
1c7e3a1d-3b49-4fc6-a2e3-5a6cface0959,brunch.country,available,2298,2450,high,low,6,namecheap,,,24/09/2026 10:54
9f4ad632-8b23-49bf-b270-9d058c07de1c,headlong.country,available,2298,2450,medium,low,8,namecheap,,,21/08/2026 01:16
63b6d617-28ec-4741-862e-791bde7b8d9e,blase.country,available,2298,2450,medium,low,5,namecheap,,,10/08/2026 13:19
b558ddc2-0209-4679-856d-3d9f6c6025b1,operas.country,available,2140.22,2140.22,medium,low,6,dynadot,,,30/09/2026 15:50
da420f56-ae78-44c8-ac2f-67a1223a687c,argues.country,available,2064.2,2064.2,medium,low,6,spaceship,,,02/10/2026 13:47
4dd40cfd-a92c-495a-aec7-e6810a8e94c5,akhenaton.country,available,2298,2450,medium,low,9,namecheap,,,17/09/2026 23:57
a6ab3d33-200f-4e4e-9ca0-56fc4d3f80e0,exegetic.country,available,2298,2450,medium,low,8,namecheap,,,17/08/2026 16:59
cc9c3b0d-a7b7-4a7d-bfb5-cbc87827f683,morton.country,available,2298,2450,high,low,6,namecheap,,,25/09/2026 05:58
8e196966-dff3-4491-bb17-6f922eb7a9e3,sensory.country,available,2064.2,2064.2,high,low,7,spaceship,,,27/09/2026 20:08
bde9993d-0134-423c-b191-c39b9351587a,farcical.country,available,2298,2450,medium,low,8,namecheap,,,17/08/2026 22:30
d34d065e-7e0c-486b-8c5e-1bff57c329eb,schenectady.country,available,2140.22,2140.22,medium,low,11,dynadot,,,28/09/2026 12:25
34ec8550-be44-4894-8396-126dcac78220,manlike.country,available,2298,2450,medium,low,7,namecheap,,,24/08/2026 14:48
463483c5-a6e3-49a2-80bd-fa25ffedd601,fractions.country,available,2450,,medium,low,9,namecheap,,,20/09/2026 01:27
b4f930bc-46e7-4466-b7ec-524fd1b2b950,supra.country,available,2298,2450,high,low,5,namecheap,,,
d381aa12-338c-4bf1-831e-7ed7957a1851,slowest.country,available,2298,2450,medium,low,7,namecheap,,,16/09/2026 02:44
573cf675-7ff1-4d34-95c1-6c9f00511ca7,refuge.country,available,2298,2450,high,low,6,namecheap,,,20/09/2026 18:32
36093f0c-5174-490c-b115-f50c9a958a50,nonstick.country,available,2298,2450,medium,low,8,namecheap,,,03/09/2026 20:45
4f4d7adc-6e95-4ff8-b663-346ab9a6216e,pine.country,available,2064.2,2064.2,high,low,4,spaceship,,,28/09/2026 02:55
04d5dcb0-33fd-41f8-88ea-5874fbceea5b,tva.country,available,2064.2,2064.2,high,low,3,spaceship,,,29/09/2026 03:49
6c328fad-5584-4752-9df2-00d197a07947,namespace.country,available,2060.25,2060.25,high,low,9,porkbun,,,01/10/2026 22:53
a018052c-f558-4498-b1e7-b33e250ec49e,semiotical.country,available,2298,2450,medium,low,10,namecheap,,,10/09/2026 03:15
43c87bd9-8486-4bf4-8840-02b611719a35,starts.country,available,2450,,medium,low,6,namecheap,,,
3bc23ad5-7880-4427-8205-f249e186b433,gujarati.country,available,2060.25,2060.25,high,low,8,porkbun,,,30/09/2026 09:59
b14a834d-4d09-4d16-b21b-d3b57b852cc8,blok.country,available,2298,2450,high,low,4,namecheap,,,18/09/2026 05:01
e76a8daa-a19d-4ac2-9871-6ba66d68c3ec,guangxi.country,available,2298,2450,medium,low,7,namecheap,,,30/09/2026 21:15
94a994e1-8a75-4ea5-8f69-22d93087e299,coalesced.country,available,2298,2450,medium,low,9,namecheap,,,
240b4a44-0834-4baa-979b-f2def2c0443e,laa.country,available,2064.2,2064.2,high,low,3,spaceship,,,02/10/2026 08:16
411be6ea-84fa-482d-bfb0-ef89e0fcad9b,sul.country,available,2298,2450,medium,low,3,namecheap,,,27/09/2026 10:19
03f4d5e4-365c-4d35-ae05-d4c65d4846be,stahl.country,available,2064.2,2064.2,high,low,5,spaceship,,,29/09/2026 11:00
55e7dafe-f3c3-4623-910e-f19ebf23d948,wildest.country,available,2064.2,2064.2,medium,low,7,spaceship,,,02/10/2026 21:48
55462bc1-b371-4f37-b365-4225928afce5,pyramidal.country,available,2298,2450,medium,low,9,namecheap,,,09/09/2026 06:55
7ab7de99-960a-4c83-9d13-b6a71c8bff1c,pittsburg.country,available,2064.2,2064.2,medium,low,9,spaceship,,,28/09/2026 16:44
2b5c78a1-fbc6-4517-87fc-1726606b0024,pneumatic.country,available,2298,2450,high,low,9,namecheap,,,08/09/2026 22:06
496a985a-220d-4060-a324-2a2cf0421f57,fetching.country,available,2298,2450,high,low,8,namecheap,,,18/08/2026 02:20
599ab3e2-a618-4f42-a5ce-db5a326aa04f,frizzly.country,available,2298,2450,medium,low,7,namecheap,,,18/08/2026 16:06
a7ad1e47-0c14-49e4-9c68-8b8712c330c6,dolt.country,available,2298,2450,medium,low,4,namecheap,,,10/09/2026 23:09
e82fc38b-2727-4776-a4c3-2b43bd13c4e2,atonia.country,available,2298,2450,medium,low,6,namecheap,,,19/09/2026 00:37
63907783-34ba-42f4-b82a-3dc9e39a64b2,cranbrook.country,available,2140.22,2140.22,high,low,9,dynadot,,,02/10/2026 20:50
0d9f182c-a20f-4f8d-9f12-af382cf9c307,accelerate.country,available,2140.22,2140.22,high,low,10,dynadot,,,29/09/2026 02:40
11302505-20e8-4168-a624-8008eb00f1c4,locked.country,available,2298,2450,high,low,6,namecheap,,,27/09/2026 02:54
39c7c7a1-e248-4555-9060-85ec1d0c38cb,tipping.country,available,2064.2,2064.2,medium,low,7,spaceship,,,29/09/2026 23:33
23a356bd-7619-45f6-9b05-f9f06714d1e5,snub.country,available,2298,2450,high,medium,4,namecheap,,,10/09/2026 12:47
ac24f4df-d3ab-4211-b6ce-3e2f7a5bf118,gill.country,available,2298,2450,high,low,4,namecheap,,,24/09/2026 08:09
4de9e522-c71c-469e-ba0b-bc5a5354216c,kochia.country,available,2298,2450,medium,low,6,namecheap,,,22/09/2026 12:18
b4d59024-c9c4-474e-9188-a0a51f5cf67b,waxen.country,available,2298,2450,medium,low,5,namecheap,,,13/09/2026 08:42
47642f1f-2dde-4b47-b5fb-efc8933a81aa,bargello.country,available,2298,2450,medium,low,8,namecheap,,,22/09/2026 05:48
ba54563f-3527-4e5d-90ca-879f4b21208f,sanjay.country,available,2140.22,2140.22,high,low,6,dynadot,,,01/10/2026 16:51
81a23c28-8738-43e1-bd35-765b3106694e,iceberg.country,available,2298,2450,high,low,7,namecheap,,,23/09/2026 09:15
ad2887e3-a208-40fd-a94e-3acde799074c,surely.country,available,2298,2450,high,low,6,namecheap,,,24/09/2026 20:56
4e74fecb-0288-456e-8589-1e478e98dade,starvation.country,available,2298,2450,medium,low,10,namecheap,,,10/09/2026 19:06
5963ca84-376d-4be1-b2a9-86c68197aefa,dissolute.country,available,2499.99,3799.99,medium,low,9,name.com,,,13/08/2026 20:19
29819a1c-9ba3-4408-91f3-b8d51fae6add,midtown.country,available,2064.2,2064.2,high,low,7,spaceship,,,01/10/2026 14:20
96c6dd9a-7a1b-4aaf-b45c-4edc018e2323,elvis.country,available,2064.2,2064.2,high,low,5,spaceship,,,29/09/2026 00:14
963fe1bf-afd2-45f8-b8e2-3c9b08fe12fb,ernst.country,available,2298,2450,high,low,5,namecheap,,,25/09/2026 05:39
34c2259c-da28-46c6-ab2f-adab1da0f47b,hometown.country,available,2298,2450,high,low,8,namecheap,,,30/09/2026 22:54
24891ec9-a444-4d69-ae8b-be597a5a27da,forfeit.country,available,2298,2450,high,low,7,namecheap,,,12/08/2026 21:00
c9a901fd-b649-4a8a-a13d-d6a2c7430583,apodous.country,available,2298,2450,medium,low,7,namecheap,,,06/08/2026 01:21
818ce70d-6323-4cbd-92ac-d7beaae361d0,herb.country,available,2064.2,2064.2,high,low,4,spaceship,,,28/09/2026 02:06
d3dfdf8c-ed36-408b-99ff-f705553d2618,accuser.country,available,2064.2,2064.2,medium,low,7,spaceship,,,28/09/2026 17:32
ad91ed19-7648-48c3-a83e-1efd587cd5c9,dynamo.country,available,2064.2,2064.2,high,low,6,spaceship,,,02/10/2026 14:56
b52011e0-481a-487f-b797-944bd1bb0bfc,antiquities.country,available,2298,2450,medium,low,11,namecheap,,,02/10/2026 01:45
681edc0b-c215-4a8d-aae7-b58fdbb21ebe,cytokines.country,available,2298,2450,low,low,9,namecheap,,,29/09/2026 06:01
68f1c1be-f233-49cc-9080-2290c8b2b1c6,mimetic.country,available,2298,2450,medium,low,7,namecheap,,,24/08/2026 23:27
4be3df1a-b457-4bed-beec-0c87aee69ec4,haryana.country,available,2064.2,2064.2,medium,low,7,spaceship,,,30/09/2026 12:51
2c1e705f-0e66-45a0-8079-b122fd531a56,dinosaur.country,available,2064.2,2064.2,high,low,8,spaceship,,,29/09/2026 15:02
2104f61d-7b01-471e-9fe2-b67df8ac848f,exams.country,available,2298,2450,medium,low,5,namecheap,,,28/09/2026 23:32
2d62bb4e-d98d-479c-addf-e25274d1ee30,introduces.country,available,2298,2450,medium,low,10,namecheap,,,18/09/2026 14:34
18628782-2673-4875-a029-0db95ade0b0e,whiteboard.country,available,2064.2,2064.2,high,low,10,spaceship,,,30/09/2026 23:47
926ebb44-553e-45eb-b2b3-1671eb50bd39,observer.country,available,2298,2450,high,low,8,namecheap,,,27/09/2026 03:30
f87368b1-ddc5-4ee1-ae92-48166f2d6d4a,moan.country,available,2064.2,2064.2,high,low,4,spaceship,,,01/10/2026 19:52
104372fd-1404-4e73-a76d-e242d19faa21,trouper.country,available,2298,2450,high,low,7,namecheap,,,22/09/2026 06:54
8cb93335-61bc-43fd-8755-f7168111bba8,agave.country,available,2298,2450,high,low,5,namecheap,,,17/09/2026 16:37
46283059-f597-474f-b79b-c2384760ee14,hartford.country,available,2064.2,2064.2,high,low,8,spaceship,,,28/09/2026 18:33
4fb962ca-591b-4fdb-87b2-eb9f75970e13,giotto.country,available,2064.2,2064.2,high,low,6,spaceship,,,03/10/2026 00:57
e3a911cc-0d8e-4805-807e-f673889e3d93,remodeling.country,available,2064.2,2064.2,high,low,10,spaceship,,,02/10/2026 18:17
c747cf0a-2a69-4de8-bf62-57b4ef8c86c3,legally.country,available,2499.99,3799.99,medium,low,7,name.com,,,13/08/2026 19:07
2e57c5a3-5c7f-4c2b-ac84-9c2c2bedb2d8,wastewater.country,available,2298,2450,medium,low,10,namecheap,,,15/08/2026 15:34
24140bf8-52e7-4cdf-b45a-7c95ee9968af,density.country,available,2064.2,2064.2,high,low,7,spaceship,,,29/09/2026 11:57
858e7f08-dd5b-4b7c-870b-c9d292738d91,modish.country,available,2298,2450,high,low,6,namecheap,,,
e0d34ffe-0c5a-41e3-8132-8ea9101d6735,gasping.country,available,2064.2,2064.2,medium,low,7,spaceship,,,02/10/2026 07:24
b17e5a19-e29d-4a73-b967-e554db808be6,baguette.country,available,2064.2,2064.2,high,low,8,spaceship,,,29/09/2026 00:33
aedd2fa2-49af-4219-9bf1-9b65683899db,midterm.country,available,2064.2,2064.2,high,low,7,spaceship,,,02/10/2026 21:44
1f4bbcbf-cbb8-4eed-accd-3d5874aef30d,enough.country,available,2298,2450,high,low,6,namecheap,,,24/09/2026 14:04
33f93260-cb92-4569-9e47-4ed51d268c47,skillfully.country,available,2298,2450,medium,low,10,namecheap,,,16/09/2026 02:07
783d6ac6-5760-437b-b9fd-a2c68c1e2e46,palliative.country,available,2298,2450,high,low,10,namecheap,,,
8c6457be-ab77-49bd-894d-659750a48823,groton.country,available,2064.2,2064.2,medium,low,6,spaceship,,,29/09/2026 15:07
74381917-71bd-4508-9dac-127be8141350,aphonic.country,available,2298,2450,medium,low,7,namecheap,,,05/08/2026 23:17
967aa327-3662-47c3-acac-04b3ee6e5d5d,humic.country,available,2298,2450,medium,low,5,namecheap,,,21/08/2026 15:14
fd0cd976-f891-4cb6-91b7-8ddb3a9373e8,pixilated.country,available,2298,2450,low,low,9,namecheap,,,09/08/2026 15:41
b8bef923-7a2a-4896-a1d9-26625d6b0b71,sutures.country,available,2064.2,2064.2,medium,low,7,spaceship,,,01/10/2026 18:00
725251cf-f638-49dd-a6b9-ce86e8436097,tact.country,available,2060.25,2060.25,high,low,4,porkbun,,,01/10/2026 21:55
06b2868a-ec6a-440f-93fd-66adffe63f3c,tapered.country,available,2298,2450,medium,low,7,namecheap,,,03/09/2026 13:29
569849be-9188-4b48-acf3-d0415b333b5f,hopeful.country,available,2298,2450,high,low,7,namecheap,,,22/09/2026 09:48
5ecbdb96-8fea-43d8-9309-fdd8169d6b3e,rightness.country,available,2298,2450,medium,low,9,namecheap,,,19/09/2026 22:23
539cb3bd-9d77-41e4-8de0-be588c073b8b,badges.country,available,2064.2,2064.2,medium,low,6,spaceship,,,29/09/2026 17:33
89ddb665-ee80-41a7-abec-6f8323f456d6,consenting.country,available,2298,2450,high,low,10,namecheap,,,12/08/2026 22:35
fa31e016-20d5-4f50-866d-7189b552d372,mailed.country,available,2298,2450,medium,low,6,namecheap,,,24/08/2026 13:18
07f52f94-882f-407d-ac92-04a331d92fd1,satiny.country,available,2298,2450,medium,low,6,namecheap,,,09/09/2026 21:41
374080ec-f087-42a2-a575-de72a8603a9a,quebecois.country,available,2298,2450,medium,low,9,namecheap,,,09/09/2026 07:48
678d98da-c05b-423a-8029-d3c4725b1e5d,addend.country,available,2298,2450,medium,low,6,namecheap,,,17/09/2026 06:41
4d9d690f-2057-4117-9af1-23227613abe4,ilya.country,available,2064.2,2064.2,high,low,4,spaceship,,,30/09/2026 13:44
e091818e-f5b8-4247-85b1-01280de99088,board.country,available,2140.22,2140.22,high,low,5,dynadot,,,28/09/2026 18:20
c0b9aa35-0492-4582-ace3-0f0a97e63d92,crc.country,available,2060.25,2060.25,high,low,3,porkbun,,,28/09/2026 21:11
d17d5793-4fcc-437b-85eb-a07c98b61838,eyry.country,available,2298,2450,high,low,4,namecheap,,,
1f00389a-ef15-4111-8b47-aab05a22c3da,aristophanes.country,available,2064.2,2064.2,medium,low,12,spaceship,,,02/10/2026 00:26
362fe53a-15a5-4a93-b982-351d6044ef91,published.country,available,2298,2450,high,low,9,namecheap,,,27/09/2026 07:35
4a72662a-8ea7-4004-9aaa-a58b808ec37f,debris.country,available,2064.2,2064.2,medium,low,6,spaceship,,,28/09/2026 18:54
96665eec-40d9-4fa8-9e33-d5556577b493,skintight.country,available,2298,2450,medium,low,9,namecheap,,,10/09/2026 09:40
06dfcf32-03e3-4563-a399-863959cc0fae,rowley.country,available,2064.2,2064.2,medium,low,6,spaceship,,,28/09/2026 12:08
d5701381-9aeb-4a4b-9466-e7e6dd30263b,annalistic.country,available,2298,2450,high,low,10,namecheap,,,
21ee082f-a67b-4e39-badb-1e9861eef11c,geoff.country,available,2060.25,2060.25,medium,low,5,porkbun,,,28/09/2026 07:55
7a11b415-1e43-4223-b7cc-9efda6736de0,phases.country,available,2298,2450,medium,low,6,namecheap,,,18/09/2026 14:38
a7ab819f-6ed9-4f79-b75f-5c784962c2d9,mountain.country,available,2298,2450,high,low,8,namecheap,,,25/09/2026 20:48
9b79b21d-c802-403c-a22f-6ca69c82ca8c,question.country,available,2140.22,2140.22,high,low,8,dynadot,,,02/10/2026 10:29
3651ff82-3647-4398-a5ef-15ffdedd5e28,loud.country,available,2298,2450,high,low,4,namecheap,,,24/09/2026 19:25
9e9cc4c1-08b2-4096-8b15-a0673999063d,modernist.country,available,2298,2450,high,low,9,namecheap,,,27/09/2026 04:47
8fdf6f82-850c-4355-9d63-77363f2e173f,home.country,available,2298,2450,high,medium,4,namecheap,,,24/09/2026 23:55
067a8415-c3c0-445e-84d2-7ed4e54e41c4,spontaneity.country,available,2060.25,2060.25,high,low,11,porkbun,,,02/10/2026 18:36
81ec1705-6615-4933-866e-c70c85c010de,bawdy.country,available,2298,2450,medium,low,5,namecheap,,,09/08/2026 02:05
f6149918-f426-48b4-98b1-19dcfb74ca1c,facade.country,available,2064.2,2064.2,high,low,6,spaceship,,,30/09/2026 09:35
5384799e-8896-446d-91c4-d262fc4a4917,soissons.country,available,2499.99,3799.99,medium,low,8,name.com,,,22/09/2026 15:58
5a2f166d-05a2-40a2-a218-2af5839f46ab,benson.country,available,2298,2450,high,low,6,namecheap,,,25/09/2026 15:16
6298772c-66f2-4cce-a14e-9fc5730566b7,jail.country,available,2298,2450,high,low,4,namecheap,,,27/09/2026 04:20
2c965679-a795-4ec6-91ea-7ffaa9d2fe69,chromosomes.country,available,2140.22,2140.22,medium,low,11,dynadot,,,01/10/2026 00:36
3931b012-1387-49bb-8542-c7bafa1613b1,dame.country,available,2298,2450,high,low,4,namecheap,,,24/09/2026 20:56
4fceafba-24eb-4518-862e-e55dec429ec2,talebearer.country,available,2298,2450,medium,low,10,namecheap,,,11/09/2026 10:34
130cccfc-8cfa-4335-8bbb-6ae82a726dc8,bubbling.country,available,2298,2450,high,low,8,namecheap,,,11/08/2026 07:15
2a29d02a-0657-4b3a-a6cb-bc344bca7426,teetotal.country,available,2298,2450,medium,low,8,namecheap,,,11/09/2026 10:14
29a2022e-1cbb-4dc3-8e55-f0e9b8b46a6b,simony.country,available,2298,2450,medium,low,6,namecheap,,,22/09/2026 08:05
7c75af8c-56a3-493e-8e9e-f388f322ea93,piacenza.country,available,2064.2,2064.2,medium,low,8,spaceship,,,02/10/2026 08:21
7e4e9bda-13d6-45f6-8058-806125329b4f,concentric.country,available,2298,2450,high,low,10,namecheap,,,12/08/2026 19:57
8255cb69-0eaa-45d5-bb6d-bea2b040f84a,bypass.country,available,2298,2450,medium,low,6,namecheap,,,30/09/2026 14:25
42e7c1e2-45f7-4798-8ae1-986e8a008b55,indulgent.country,available,2298,2450,high,low,9,namecheap,,,22/08/2026 03:33
a5ba0f7b-5d46-4e40-9ade-bbe1f64a4846,nettie.country,available,2298,2450,high,low,6,namecheap,,,02/10/2026 07:37
f5d7ed5d-7327-4e40-a66c-e66bd64d227a,posting.country,available,2064.2,2064.2,high,low,7,spaceship,,,30/09/2026 06:59
878db6db-008f-45aa-9941-2cf89e8a85e1,zhu.country,available,2298,2450,high,low,3,namecheap,,,27/09/2026 20:59
66b07a6b-4ddf-4468-b94c-eb9699cfef5f,assuage.country,available,2298,2450,high,low,7,namecheap,,,18/08/2026 22:06
670f8d06-4d2d-4a8d-8996-8f5353908db7,elisabeth.country,available,2298,2450,high,low,9,namecheap,,,25/09/2026 14:58
bca00a75-9534-4708-a777-96e89894e752,adiposity.country,available,2298,2450,medium,low,9,namecheap,,,17/09/2026 08:19
05034a9a-3ecb-4d50-954c-42ccdde9d275,gusto.country,available,2140.22,2140.22,high,low,5,dynadot,,,29/09/2026 21:46
dcfcf25c-8e08-4f20-a350-3114e78d7a9a,embodiment.country,available,2298,2450,high,low,10,namecheap,,,21/09/2026 08:48
0800f378-e23e-4642-aa07-a1c2821762fc,fortitude.country,available,2064.2,2064.2,high,low,9,spaceship,,,02/10/2026 15:13